21363 execve("/opt/packit/bin/autom4te", ["/opt/packit/bin/autom4te", "--version"], 0x7ffe713609b0 /* 69 vars */) = 0
21363 brk(NULL)                         = 0x55c71b262000
21363 mmap(NULL, 8192, PROT_READ|PROT_WRITE, MAP_PRIVATE|MAP_ANONYMOUS, -1, 0) = 0x7fbe87d5f000
21363 access("/etc/ld.so.preload", R_OK) = -1 ENOENT (No such file or directory)
21363 openat(AT_FDCWD, "/opt/packit/packages/perl/5.42.2/lib/perl5//x86_64-linux-thread-multi/CORE/glibc-hwcaps/x86-64-v3/libperl.so", O_RDONLY|O_CLOEXEC) = -1 ENOENT (No such file or directory)
21363 newfstatat(AT_FDCWD, "/opt/packit/packages/perl/5.42.2/lib/perl5//x86_64-linux-thread-multi/CORE/glibc-hwcaps/x86-64-v3/", 0x7ffffea31aa0, 0) = -1 ENOENT (No such file or directory)
21363 openat(AT_FDCWD, "/opt/packit/packages/perl/5.42.2/lib/perl5//x86_64-linux-thread-multi/CORE/glibc-hwcaps/x86-64-v2/libperl.so", O_RDONLY|O_CLOEXEC) = -1 ENOENT (No such file or directory)
21363 newfstatat(AT_FDCWD, "/opt/packit/packages/perl/5.42.2/lib/perl5//x86_64-linux-thread-multi/CORE/glibc-hwcaps/x86-64-v2/", 0x7ffffea31aa0, 0) = -1 ENOENT (No such file or directory)
21363 openat(AT_FDCWD, "/opt/packit/packages/perl/5.42.2/lib/perl5//x86_64-linux-thread-multi/CORE/libperl.so", O_RDONLY|O_CLOEXEC) = 3
21363 read(3, "\177ELF\2\1\1\0\0\0\0\0\0\0\0\0\3\0>\0\1\0\0\0\0\0\0\0\0\0\0\0"..., 832) = 832
21363 fstat(3, {st_mode=S_IFREG|0755, st_size=4236200, ...}) = 0
21363 mmap(NULL, 4058832, PROT_READ, MAP_PRIVATE|MAP_DENYWRITE, 3, 0) = 0x7fbe87800000
21363 mmap(0x7fbe8784a000, 1744896, PROT_READ|PROT_EXEC, MAP_PRIVATE|MAP_FIXED|MAP_DENYWRITE, 3, 0x4a000) = 0x7fbe8784a000
21363 mmap(0x7fbe879f4000, 1900544, PROT_READ, MAP_PRIVATE|MAP_FIXED|MAP_DENYWRITE, 3, 0x1f4000) = 0x7fbe879f4000
21363 mmap(0x7fbe87bc4000, 86016, PROT_READ|PROT_WRITE, MAP_PRIVATE|MAP_FIXED|MAP_DENYWRITE, 3, 0x3c4000) = 0x7fbe87bc4000
21363 mmap(0x7fbe87bd9000, 24272, PROT_READ|PROT_WRITE, MAP_PRIVATE|MAP_FIXED|MAP_ANONYMOUS, -1, 0) = 0x7fbe87bd9000
21363 close(3)                          = 0
21363 openat(AT_FDCWD, "/opt/packit/packages/perl/5.42.2/lib/perl5//x86_64-linux-thread-multi/CORE/libc.so.6", O_RDONLY|O_CLOEXEC) = -1 ENOENT (No such file or directory)
21363 openat(AT_FDCWD, "/etc/ld.so.cache", O_RDONLY|O_CLOEXEC) = 3
21363 fstat(3, {st_mode=S_IFREG|0644, st_size=71083, ...}) = 0
21363 mmap(NULL, 71083, PROT_READ, MAP_PRIVATE, 3, 0) = 0x7fbe87d4d000
21363 close(3)                          = 0
21363 openat(AT_FDCWD, "/lib/x86_64-linux-gnu/libc.so.6", O_RDONLY|O_CLOEXEC) = 3
21363 read(3, "\177ELF\2\1\1\3\0\0\0\0\0\0\0\0\3\0>\0\1\0\0\0\220\243\2\0\0\0\0\0"..., 832) = 832
21363 pread64(3, "\6\0\0\0\4\0\0\0@\0\0\0\0\0\0\0@\0\0\0\0\0\0\0@\0\0\0\0\0\0\0"..., 784, 64) = 784
21363 fstat(3, {st_mode=S_IFREG|0755, st_size=2125328, ...}) = 0
21363 pread64(3, "\6\0\0\0\4\0\0\0@\0\0\0\0\0\0\0@\0\0\0\0\0\0\0@\0\0\0\0\0\0\0"..., 784, 64) = 784
21363 mmap(NULL, 2170256, PROT_READ, MAP_PRIVATE|MAP_DENYWRITE, 3, 0) = 0x7fbe87400000
21363 mmap(0x7fbe87428000, 1605632, PROT_READ|PROT_EXEC, MAP_PRIVATE|MAP_FIXED|MAP_DENYWRITE, 3, 0x28000) = 0x7fbe87428000
21363 mmap(0x7fbe875b0000, 323584, PROT_READ, MAP_PRIVATE|MAP_FIXED|MAP_DENYWRITE, 3, 0x1b0000) = 0x7fbe875b0000
21363 mmap(0x7fbe875ff000, 24576, PROT_READ|PROT_WRITE, MAP_PRIVATE|MAP_FIXED|MAP_DENYWRITE, 3, 0x1fe000) = 0x7fbe875ff000
21363 mmap(0x7fbe87605000, 52624, PROT_READ|PROT_WRITE, MAP_PRIVATE|MAP_FIXED|MAP_ANONYMOUS, -1, 0) = 0x7fbe87605000
21363 close(3)                          = 0
21363 openat(AT_FDCWD, "/lib/x86_64-linux-gnu/libm.so.6", O_RDONLY|O_CLOEXEC) = 3
21363 read(3, "\177ELF\2\1\1\3\0\0\0\0\0\0\0\0\3\0>\0\1\0\0\0\0\0\0\0\0\0\0\0"..., 832) = 832
21363 fstat(3, {st_mode=S_IFREG|0644, st_size=952616, ...}) = 0
21363 mmap(NULL, 950296, PROT_READ, MAP_PRIVATE|MAP_DENYWRITE, 3, 0) = 0x7fbe87c64000
21363 mmap(0x7fbe87c74000, 520192, PROT_READ|PROT_EXEC, MAP_PRIVATE|MAP_FIXED|MAP_DENYWRITE, 3, 0x10000) = 0x7fbe87c74000
21363 mmap(0x7fbe87cf3000, 360448, PROT_READ, MAP_PRIVATE|MAP_FIXED|MAP_DENYWRITE, 3, 0x8f000) = 0x7fbe87cf3000
21363 mmap(0x7fbe87d4b000, 8192, PROT_READ|PROT_WRITE, MAP_PRIVATE|MAP_FIXED|MAP_DENYWRITE, 3, 0xe7000) = 0x7fbe87d4b000
21363 close(3)                          = 0
21363 openat(AT_FDCWD, "/lib/x86_64-linux-gnu/libcrypt.so.1", O_RDONLY|O_CLOEXEC) = 3
21363 read(3, "\177ELF\2\1\1\0\0\0\0\0\0\0\0\0\3\0>\0\1\0\0\0\0\0\0\0\0\0\0\0"..., 832) = 832
21363 fstat(3, {st_mode=S_IFREG|0644, st_size=198664, ...}) = 0
21363 mmap(NULL, 233888, PROT_READ, MAP_PRIVATE|MAP_DENYWRITE, 3, 0) = 0x7fbe87c2a000
21363 mmap(0x7fbe87c2c000, 86016, PROT_READ|PROT_EXEC, MAP_PRIVATE|MAP_FIXED|MAP_DENYWRITE, 3, 0x2000) = 0x7fbe87c2c000
21363 mmap(0x7fbe87c41000, 102400, PROT_READ, MAP_PRIVATE|MAP_FIXED|MAP_DENYWRITE, 3, 0x17000) = 0x7fbe87c41000
21363 mmap(0x7fbe87c5a000, 8192, PROT_READ|PROT_WRITE, MAP_PRIVATE|MAP_FIXED|MAP_DENYWRITE, 3, 0x2f000) = 0x7fbe87c5a000
21363 mmap(0x7fbe87c5c000, 29088, PROT_READ|PROT_WRITE, MAP_PRIVATE|MAP_FIXED|MAP_ANONYMOUS, -1, 0) = 0x7fbe87c5c000
21363 close(3)                          = 0
21363 mmap(NULL, 8192, PROT_READ|PROT_WRITE, MAP_PRIVATE|MAP_ANONYMOUS, -1, 0) = 0x7fbe87c28000
21363 arch_prctl(ARCH_SET_FS, 0x7fbe87c29400) = 0
21363 set_tid_address(0x7fbe87c296d0)   = 21363
21363 set_robust_list(0x7fbe87c296e0, 24) = 0
21363 rseq(0x7fbe87c29d20, 0x20, 0, 0x53053053) = 0
21363 mprotect(0x7fbe875ff000, 16384, PROT_READ) = 0
21363 mprotect(0x7fbe87c5a000, 4096, PROT_READ) = 0
21363 mprotect(0x7fbe87d4b000, 4096, PROT_READ) = 0
21363 mprotect(0x7fbe87bc4000, 69632, PROT_READ) = 0
21363 mprotect(0x55c6f9766000, 4096, PROT_READ) = 0
21363 mprotect(0x7fbe87d9f000, 8192, PROT_READ) = 0
21363 prlimit64(0, RLIMIT_STACK, NULL, {rlim_cur=8192*1024, rlim_max=RLIM64_INFINITY}) = 0
21363 munmap(0x7fbe87d4d000, 71083)     = 0
21363 rt_sigaction(SIGFPE, {sa_handler=SIG_IGN, sa_mask=[FPE], sa_flags=SA_RESTORER|SA_RESTART, sa_restorer=0x7fbe87445330}, {sa_handler=SIG_DFL, sa_mask=[], sa_flags=0}, 8) = 0
21363 getrandom("\x89\xb1\x81\x3f\x37\x9d\xa5\xa4", 8, GRND_NONBLOCK) = 8
21363 brk(NULL)                         = 0x55c71b262000
21363 brk(0x55c71b283000)               = 0x55c71b283000
21363 getuid()                          = 1000
21363 geteuid()                         = 1000
21363 getgid()                          = 1000
21363 getegid()                         = 1000
21363 openat(AT_FDCWD, "/dev/urandom", O_RDONLY|O_CLOEXEC) = 3
21363 fcntl(3, F_GETFD)                 = 0x1 (flags FD_CLOEXEC)
21363 read(3, "7\213x\323", 4)          = 4
21363 close(3)                          = 0
21363 getuid()                          = 1000
21363 geteuid()                         = 1000
21363 getgid()                          = 1000
21363 getegid()                         = 1000
21363 openat(AT_FDCWD, "/dev/urandom", O_RDONLY|O_CLOEXEC) = 3
21363 read(3, ".\300!'", 4)             = 4
21363 close(3)                          = 0
21363 openat(AT_FDCWD, "/usr/lib/locale/locale-archive", O_RDONLY|O_CLOEXEC) = 3
21363 fstat(3, {st_mode=S_IFREG|0644, st_size=5723792, ...}) = 0
21363 mmap(NULL, 5723792, PROT_READ, MAP_PRIVATE, 3, 0) = 0x7fbe86e00000
21363 close(3)                          = 0
21363 brk(0x55c71b2a4000)               = 0x55c71b2a4000
21363 readlink("/proc/self/exe", "/opt/packit/packages/perl/5.42.2"..., 4095) = 41
21363 fcntl(0, F_SETFD, 0)              = 0
21363 ioctl(0, TCGETS, {c_iflag=BRKINT|ICRNL|IXON|IXANY|IMAXBEL|IUTF8, c_oflag=NL0|CR0|TAB0|BS0|VT0|FF0|OPOST|ONLCR, c_cflag=B38400|CS8|CREAD|HUPCL, c_lflag=ISIG|ICANON|ECHO|ECHOE|ECHOK|IEXTEN|ECHOCTL|ECHOKE, ...}) = 0
21363 lseek(0, 0, SEEK_CUR)             = -1 ESPIPE (Illegal seek)
21363 fcntl(1, F_SETFD, 0)              = 0
21363 ioctl(1, TCGETS, {c_iflag=BRKINT|ICRNL|IXON|IXANY|IMAXBEL|IUTF8, c_oflag=NL0|CR0|TAB0|BS0|VT0|FF0|OPOST|ONLCR, c_cflag=B38400|CS8|CREAD|HUPCL, c_lflag=ISIG|ICANON|ECHO|ECHOE|ECHOK|IEXTEN|ECHOCTL|ECHOKE, ...}) = 0
21363 lseek(1, 0, SEEK_CUR)             = -1 ESPIPE (Illegal seek)
21363 fcntl(2, F_SETFD, 0)              = 0
21363 ioctl(2, TCGETS, {c_iflag=BRKINT|ICRNL|IXON|IXANY|IMAXBEL|IUTF8, c_oflag=NL0|CR0|TAB0|BS0|VT0|FF0|OPOST|ONLCR, c_cflag=B38400|CS8|CREAD|HUPCL, c_lflag=ISIG|ICANON|ECHO|ECHOE|ECHOK|IEXTEN|ECHOCTL|ECHOKE, ...}) = 0
21363 lseek(2, 0, SEEK_CUR)             = -1 ESPIPE (Illegal seek)
21363 openat(AT_FDCWD, "/opt/packit/bin/autom4te", O_RDONLY|O_CLOEXEC) = 3
21363 fcntl(3, F_GETFD)                 = 0x1 (flags FD_CLOEXEC)
21363 ioctl(3, TCGETS, 0x7ffffea322f0)  = -1 ENOTTY (Inappropriate ioctl for device)
21363 lseek(3, 0, SEEK_CUR)             = 0
21363 fstat(3, {st_mode=S_IFREG|0755, st_size=35186, ...}) = 0
21363 getuid()                          = 1000
21363 geteuid()                         = 1000
21363 getgid()                          = 1000
21363 getegid()                         = 1000
21363 rt_sigaction(SIGCHLD, NULL, {sa_handler=SIG_DFL, sa_mask=[], sa_flags=0}, 8) = 0
21363 read(3, "#! /opt/packit/packages/perl/5.4"..., 8192) = 8192
21363 brk(0x55c71b2c5000)               = 0x55c71b2c5000
21363 newfstatat(AT_FDCWD, "/opt/packit/lib/perl5/site_perl/5.42/x86_64-linux-thread-multi/strict.pmc", 0x7ffffea31db0, 0) = -1 ENOENT (No such file or directory)
21363 newfstatat(AT_FDCWD, "/opt/packit/lib/perl5/site_perl/5.42/x86_64-linux-thread-multi/strict.pm", 0x7ffffea31db0, 0) = -1 ENOENT (No such file or directory)
21363 newfstatat(AT_FDCWD, "/opt/packit/lib/perl5/site_perl/5.42/strict.pmc", 0x7ffffea31db0, 0) = -1 ENOENT (No such file or directory)
21363 newfstatat(AT_FDCWD, "/opt/packit/lib/perl5/site_perl/5.42/strict.pm", 0x7ffffea31db0, 0) = -1 ENOENT (No such file or directory)
21363 newfstatat(AT_FDCWD, "/opt/packit/lib/perl5/vendor_perl/5.42/x86_64-linux-thread-multi/strict.pmc", 0x7ffffea31db0, 0) = -1 ENOENT (No such file or directory)
21363 newfstatat(AT_FDCWD, "/opt/packit/lib/perl5/vendor_perl/5.42/x86_64-linux-thread-multi/strict.pm", 0x7ffffea31db0, 0) = -1 ENOENT (No such file or directory)
21363 newfstatat(AT_FDCWD, "/opt/packit/lib/perl5/vendor_perl/5.42/strict.pmc", 0x7ffffea31db0, 0) = -1 ENOENT (No such file or directory)
21363 newfstatat(AT_FDCWD, "/opt/packit/lib/perl5/vendor_perl/5.42/strict.pm", 0x7ffffea31db0, 0) = -1 ENOENT (No such file or directory)
21363 newfstatat(AT_FDCWD, "/opt/packit/packages/perl/5.42.2/lib/perl5//x86_64-linux-thread-multi/strict.pmc", 0x7ffffea31db0, 0) = -1 ENOENT (No such file or directory)
21363 newfstatat(AT_FDCWD, "/opt/packit/packages/perl/5.42.2/lib/perl5//x86_64-linux-thread-multi/strict.pm", 0x7ffffea31db0, 0) = -1 ENOENT (No such file or directory)
21363 newfstatat(AT_FDCWD, "/opt/packit/packages/perl/5.42.2/lib/perl5/strict.pmc", 0x7ffffea31db0, 0) = -1 ENOENT (No such file or directory)
21363 newfstatat(AT_FDCWD, "/opt/packit/packages/perl/5.42.2/lib/perl5/strict.pm", {st_mode=S_IFREG|0755, st_size=5491, ...}, 0) = 0
21363 openat(AT_FDCWD, "/opt/packit/packages/perl/5.42.2/lib/perl5/strict.pm", O_RDONLY|O_CLOEXEC) = 4
21363 ioctl(4, TCGETS, 0x7ffffea31b60)  = -1 ENOTTY (Inappropriate ioctl for device)
21363 lseek(4, 0, SEEK_CUR)             = 0
21363 read(4, "package strict;\n\n$strict::VERSIO"..., 8192) = 5491
21363 lseek(4, 1944, SEEK_SET)          = 1944
21363 lseek(4, 0, SEEK_CUR)             = 1944
21363 close(4)                          = 0
21363 newfstatat(AT_FDCWD, "/opt/packit/lib/perl5/site_perl/5.42/x86_64-linux-thread-multi/warnings.pmc", 0x7ffffea31db0, 0) = -1 ENOENT (No such file or directory)
21363 newfstatat(AT_FDCWD, "/opt/packit/lib/perl5/site_perl/5.42/x86_64-linux-thread-multi/warnings.pm", 0x7ffffea31db0, 0) = -1 ENOENT (No such file or directory)
21363 newfstatat(AT_FDCWD, "/opt/packit/lib/perl5/site_perl/5.42/warnings.pmc", 0x7ffffea31db0, 0) = -1 ENOENT (No such file or directory)
21363 newfstatat(AT_FDCWD, "/opt/packit/lib/perl5/site_perl/5.42/warnings.pm", 0x7ffffea31db0, 0) = -1 ENOENT (No such file or directory)
21363 newfstatat(AT_FDCWD, "/opt/packit/lib/perl5/vendor_perl/5.42/x86_64-linux-thread-multi/warnings.pmc", 0x7ffffea31db0, 0) = -1 ENOENT (No such file or directory)
21363 newfstatat(AT_FDCWD, "/opt/packit/lib/perl5/vendor_perl/5.42/x86_64-linux-thread-multi/warnings.pm", 0x7ffffea31db0, 0) = -1 ENOENT (No such file or directory)
21363 newfstatat(AT_FDCWD, "/opt/packit/lib/perl5/vendor_perl/5.42/warnings.pmc", 0x7ffffea31db0, 0) = -1 ENOENT (No such file or directory)
21363 newfstatat(AT_FDCWD, "/opt/packit/lib/perl5/vendor_perl/5.42/warnings.pm", 0x7ffffea31db0, 0) = -1 ENOENT (No such file or directory)
21363 newfstatat(AT_FDCWD, "/opt/packit/packages/perl/5.42.2/lib/perl5//x86_64-linux-thread-multi/warnings.pmc", 0x7ffffea31db0, 0) = -1 ENOENT (No such file or directory)
21363 newfstatat(AT_FDCWD, "/opt/packit/packages/perl/5.42.2/lib/perl5//x86_64-linux-thread-multi/warnings.pm", 0x7ffffea31db0, 0) = -1 ENOENT (No such file or directory)
21363 newfstatat(AT_FDCWD, "/opt/packit/packages/perl/5.42.2/lib/perl5/warnings.pmc", 0x7ffffea31db0, 0) = -1 ENOENT (No such file or directory)
21363 newfstatat(AT_FDCWD, "/opt/packit/packages/perl/5.42.2/lib/perl5/warnings.pm", {st_mode=S_IFREG|0755, st_size=57733, ...}, 0) = 0
21363 openat(AT_FDCWD, "/opt/packit/packages/perl/5.42.2/lib/perl5/warnings.pm", O_RDONLY|O_CLOEXEC) = 4
21363 ioctl(4, TCGETS, 0x7ffffea31b60)  = -1 ENOTTY (Inappropriate ioctl for device)
21363 lseek(4, 0, SEEK_CUR)             = 0
21363 read(4, "# -*- mode: Perl; buffer-read-on"..., 8192) = 8192
21363 read(4, "00\\x00\\x00\\x00\\x00\\x00\\x00\\x00\","..., 8192) = 8192
21363 brk(0x55c71b2e9000)               = 0x55c71b2e9000
21363 read(4, "\t\t=> \"\\x00\\x00\\x00\\x00\\x00\\x00\\x"..., 8192) = 8192
21363 read(4, "$word}) if $no_fatal ;\n        }"..., 8192) = 8192
21363 brk(0x55c71b30a000)               = 0x55c71b30a000
21363 brk(0x55c71b309000)               = 0x55c71b309000
21363 lseek(4, 30691, SEEK_SET)         = 30691
21363 lseek(4, 0, SEEK_CUR)             = 30691
21363 close(4)                          = 0
21363 newfstatat(AT_FDCWD, "/opt/packit/packages/autoconf/2.73/share/autoconf/File/Basename.pmc", 0x7ffffea31db0, 0) = -1 ENOENT (No such file or directory)
21363 newfstatat(AT_FDCWD, "/opt/packit/packages/autoconf/2.73/share/autoconf/File/Basename.pm", 0x7ffffea31db0, 0) = -1 ENOENT (No such file or directory)
21363 newfstatat(AT_FDCWD, "/opt/packit/lib/perl5/site_perl/5.42/x86_64-linux-thread-multi/File/Basename.pmc", 0x7ffffea31db0, 0) = -1 ENOENT (No such file or directory)
21363 newfstatat(AT_FDCWD, "/opt/packit/lib/perl5/site_perl/5.42/x86_64-linux-thread-multi/File/Basename.pm", 0x7ffffea31db0, 0) = -1 ENOENT (No such file or directory)
21363 newfstatat(AT_FDCWD, "/opt/packit/lib/perl5/site_perl/5.42/File/Basename.pmc", 0x7ffffea31db0, 0) = -1 ENOENT (No such file or directory)
21363 newfstatat(AT_FDCWD, "/opt/packit/lib/perl5/site_perl/5.42/File/Basename.pm", 0x7ffffea31db0, 0) = -1 ENOENT (No such file or directory)
21363 newfstatat(AT_FDCWD, "/opt/packit/lib/perl5/vendor_perl/5.42/x86_64-linux-thread-multi/File/Basename.pmc", 0x7ffffea31db0, 0) = -1 ENOENT (No such file or directory)
21363 newfstatat(AT_FDCWD, "/opt/packit/lib/perl5/vendor_perl/5.42/x86_64-linux-thread-multi/File/Basename.pm", 0x7ffffea31db0, 0) = -1 ENOENT (No such file or directory)
21363 newfstatat(AT_FDCWD, "/opt/packit/lib/perl5/vendor_perl/5.42/File/Basename.pmc", 0x7ffffea31db0, 0) = -1 ENOENT (No such file or directory)
21363 newfstatat(AT_FDCWD, "/opt/packit/lib/perl5/vendor_perl/5.42/File/Basename.pm", 0x7ffffea31db0, 0) = -1 ENOENT (No such file or directory)
21363 newfstatat(AT_FDCWD, "/opt/packit/packages/perl/5.42.2/lib/perl5//x86_64-linux-thread-multi/File/Basename.pmc", 0x7ffffea31db0, 0) = -1 ENOENT (No such file or directory)
21363 newfstatat(AT_FDCWD, "/opt/packit/packages/perl/5.42.2/lib/perl5//x86_64-linux-thread-multi/File/Basename.pm", 0x7ffffea31db0, 0) = -1 ENOENT (No such file or directory)
21363 newfstatat(AT_FDCWD, "/opt/packit/packages/perl/5.42.2/lib/perl5/File/Basename.pmc", 0x7ffffea31db0, 0) = -1 ENOENT (No such file or directory)
21363 newfstatat(AT_FDCWD, "/opt/packit/packages/perl/5.42.2/lib/perl5/File/Basename.pm", {st_mode=S_IFREG|0755, st_size=11211, ...}, 0) = 0
21363 openat(AT_FDCWD, "/opt/packit/packages/perl/5.42.2/lib/perl5/File/Basename.pm", O_RDONLY|O_CLOEXEC) = 4
21363 ioctl(4, TCGETS, 0x7ffffea31b60)  = -1 ENOTTY (Inappropriate ioctl for device)
21363 lseek(4, 0, SEEK_CUR)             = 0
21363 read(4, "=head1 NAME\n\nFile::Basename - Pa"..., 8192) = 8192
21363 brk(0x55c71b32a000)               = 0x55c71b32a000
21363 read(4, "VMS, if there is no directory in"..., 8192) = 3019
21363 read(4, "", 8192)                 = 0
21363 close(4)                          = 0
21363 newfstatat(AT_FDCWD, "/opt/packit/packages/autoconf/2.73/share/autoconf/Exporter.pmc", 0x7ffffea31db0, 0) = -1 ENOENT (No such file or directory)
21363 newfstatat(AT_FDCWD, "/opt/packit/packages/autoconf/2.73/share/autoconf/Exporter.pm", 0x7ffffea31db0, 0) = -1 ENOENT (No such file or directory)
21363 newfstatat(AT_FDCWD, "/opt/packit/lib/perl5/site_perl/5.42/x86_64-linux-thread-multi/Exporter.pmc", 0x7ffffea31db0, 0) = -1 ENOENT (No such file or directory)
21363 newfstatat(AT_FDCWD, "/opt/packit/lib/perl5/site_perl/5.42/x86_64-linux-thread-multi/Exporter.pm", 0x7ffffea31db0, 0) = -1 ENOENT (No such file or directory)
21363 newfstatat(AT_FDCWD, "/opt/packit/lib/perl5/site_perl/5.42/Exporter.pmc", 0x7ffffea31db0, 0) = -1 ENOENT (No such file or directory)
21363 newfstatat(AT_FDCWD, "/opt/packit/lib/perl5/site_perl/5.42/Exporter.pm", 0x7ffffea31db0, 0) = -1 ENOENT (No such file or directory)
21363 newfstatat(AT_FDCWD, "/opt/packit/lib/perl5/vendor_perl/5.42/x86_64-linux-thread-multi/Exporter.pmc", 0x7ffffea31db0, 0) = -1 ENOENT (No such file or directory)
21363 newfstatat(AT_FDCWD, "/opt/packit/lib/perl5/vendor_perl/5.42/x86_64-linux-thread-multi/Exporter.pm", 0x7ffffea31db0, 0) = -1 ENOENT (No such file or directory)
21363 newfstatat(AT_FDCWD, "/opt/packit/lib/perl5/vendor_perl/5.42/Exporter.pmc", 0x7ffffea31db0, 0) = -1 ENOENT (No such file or directory)
21363 newfstatat(AT_FDCWD, "/opt/packit/lib/perl5/vendor_perl/5.42/Exporter.pm", 0x7ffffea31db0, 0) = -1 ENOENT (No such file or directory)
21363 newfstatat(AT_FDCWD, "/opt/packit/packages/perl/5.42.2/lib/perl5//x86_64-linux-thread-multi/Exporter.pmc", 0x7ffffea31db0, 0) = -1 ENOENT (No such file or directory)
21363 newfstatat(AT_FDCWD, "/opt/packit/packages/perl/5.42.2/lib/perl5//x86_64-linux-thread-multi/Exporter.pm", 0x7ffffea31db0, 0) = -1 ENOENT (No such file or directory)
21363 newfstatat(AT_FDCWD, "/opt/packit/packages/perl/5.42.2/lib/perl5/Exporter.pmc", 0x7ffffea31db0, 0) = -1 ENOENT (No such file or directory)
21363 newfstatat(AT_FDCWD, "/opt/packit/packages/perl/5.42.2/lib/perl5/Exporter.pm", {st_mode=S_IFREG|0755, st_size=19212, ...}, 0) = 0
21363 openat(AT_FDCWD, "/opt/packit/packages/perl/5.42.2/lib/perl5/Exporter.pm", O_RDONLY|O_CLOEXEC) = 4
21363 ioctl(4, TCGETS, 0x7ffffea31b60)  = -1 ENOTTY (Inappropriate ioctl for device)
21363 lseek(4, 0, SEEK_CUR)             = 0
21363 read(4, "package Exporter;\n\nuse strict;\nn"..., 8192) = 8192
21363 brk(0x55c71b34c000)               = 0x55c71b34c000
21363 lseek(4, 2335, SEEK_SET)          = 2335
21363 lseek(4, 0, SEEK_CUR)             = 2335
21363 close(4)                          = 0
21363 getuid()                          = 1000
21363 geteuid()                         = 1000
21363 getgid()                          = 1000
21363 getegid()                         = 1000
21363 newfstatat(AT_FDCWD, "/opt/packit/packages/autoconf/2.73/share/autoconf/Autom4te/C4che.pmc", 0x7ffffea31db0, 0) = -1 ENOENT (No such file or directory)
21363 newfstatat(AT_FDCWD, "/opt/packit/packages/autoconf/2.73/share/autoconf/Autom4te/C4che.pm", {st_mode=S_IFREG|0755, st_size=5442, ...}, 0) = 0
21363 openat(AT_FDCWD, "/opt/packit/packages/autoconf/2.73/share/autoconf/Autom4te/C4che.pm", O_RDONLY|O_CLOEXEC) = 4
21363 ioctl(4, TCGETS, 0x7ffffea31b60)  = -1 ENOTTY (Inappropriate ioctl for device)
21363 lseek(4, 0, SEEK_CUR)             = 0
21363 read(4, "# autoconf -- create 'configure'"..., 8192) = 5442
21363 newfstatat(AT_FDCWD, "/opt/packit/packages/autoconf/2.73/share/autoconf/Carp.pmc", 0x7ffffea316a0, 0) = -1 ENOENT (No such file or directory)
21363 newfstatat(AT_FDCWD, "/opt/packit/packages/autoconf/2.73/share/autoconf/Carp.pm", 0x7ffffea316a0, 0) = -1 ENOENT (No such file or directory)
21363 newfstatat(AT_FDCWD, "/opt/packit/lib/perl5/site_perl/5.42/x86_64-linux-thread-multi/Carp.pmc", 0x7ffffea316a0, 0) = -1 ENOENT (No such file or directory)
21363 newfstatat(AT_FDCWD, "/opt/packit/lib/perl5/site_perl/5.42/x86_64-linux-thread-multi/Carp.pm", 0x7ffffea316a0, 0) = -1 ENOENT (No such file or directory)
21363 newfstatat(AT_FDCWD, "/opt/packit/lib/perl5/site_perl/5.42/Carp.pmc", 0x7ffffea316a0, 0) = -1 ENOENT (No such file or directory)
21363 newfstatat(AT_FDCWD, "/opt/packit/lib/perl5/site_perl/5.42/Carp.pm", 0x7ffffea316a0, 0) = -1 ENOENT (No such file or directory)
21363 newfstatat(AT_FDCWD, "/opt/packit/lib/perl5/vendor_perl/5.42/x86_64-linux-thread-multi/Carp.pmc", 0x7ffffea316a0, 0) = -1 ENOENT (No such file or directory)
21363 newfstatat(AT_FDCWD, "/opt/packit/lib/perl5/vendor_perl/5.42/x86_64-linux-thread-multi/Carp.pm", 0x7ffffea316a0, 0) = -1 ENOENT (No such file or directory)
21363 newfstatat(AT_FDCWD, "/opt/packit/lib/perl5/vendor_perl/5.42/Carp.pmc", 0x7ffffea316a0, 0) = -1 ENOENT (No such file or directory)
21363 newfstatat(AT_FDCWD, "/opt/packit/lib/perl5/vendor_perl/5.42/Carp.pm", 0x7ffffea316a0, 0) = -1 ENOENT (No such file or directory)
21363 newfstatat(AT_FDCWD, "/opt/packit/packages/perl/5.42.2/lib/perl5//x86_64-linux-thread-multi/Carp.pmc", 0x7ffffea316a0, 0) = -1 ENOENT (No such file or directory)
21363 newfstatat(AT_FDCWD, "/opt/packit/packages/perl/5.42.2/lib/perl5//x86_64-linux-thread-multi/Carp.pm", 0x7ffffea316a0, 0) = -1 ENOENT (No such file or directory)
21363 newfstatat(AT_FDCWD, "/opt/packit/packages/perl/5.42.2/lib/perl5/Carp.pmc", 0x7ffffea316a0, 0) = -1 ENOENT (No such file or directory)
21363 newfstatat(AT_FDCWD, "/opt/packit/packages/perl/5.42.2/lib/perl5/Carp.pm", {st_mode=S_IFREG|0755, st_size=35994, ...}, 0) = 0
21363 openat(AT_FDCWD, "/opt/packit/packages/perl/5.42.2/lib/perl5/Carp.pm", O_RDONLY|O_CLOEXEC) = 5
21363 ioctl(5, TCGETS, 0x7ffffea31450)  = -1 ENOTTY (Inappropriate ioctl for device)
21363 lseek(5, 0, SEEK_CUR)             = 0
21363 read(5, "package Carp;\n\n{ use 5.006; }\nus"..., 8192) = 8192
21363 brk(0x55c71b36d000)               = 0x55c71b36d000
21363 newfstatat(AT_FDCWD, "/opt/packit/packages/autoconf/2.73/share/autoconf/overloading.pmc", 0x7ffffea30fe0, 0) = -1 ENOENT (No such file or directory)
21363 newfstatat(AT_FDCWD, "/opt/packit/packages/autoconf/2.73/share/autoconf/overloading.pm", 0x7ffffea30fe0, 0) = -1 ENOENT (No such file or directory)
21363 newfstatat(AT_FDCWD, "/opt/packit/lib/perl5/site_perl/5.42/x86_64-linux-thread-multi/overloading.pmc", 0x7ffffea30fe0, 0) = -1 ENOENT (No such file or directory)
21363 newfstatat(AT_FDCWD, "/opt/packit/lib/perl5/site_perl/5.42/x86_64-linux-thread-multi/overloading.pm", 0x7ffffea30fe0, 0) = -1 ENOENT (No such file or directory)
21363 newfstatat(AT_FDCWD, "/opt/packit/lib/perl5/site_perl/5.42/overloading.pmc", 0x7ffffea30fe0, 0) = -1 ENOENT (No such file or directory)
21363 newfstatat(AT_FDCWD, "/opt/packit/lib/perl5/site_perl/5.42/overloading.pm", 0x7ffffea30fe0, 0) = -1 ENOENT (No such file or directory)
21363 newfstatat(AT_FDCWD, "/opt/packit/lib/perl5/vendor_perl/5.42/x86_64-linux-thread-multi/overloading.pmc", 0x7ffffea30fe0, 0) = -1 ENOENT (No such file or directory)
21363 newfstatat(AT_FDCWD, "/opt/packit/lib/perl5/vendor_perl/5.42/x86_64-linux-thread-multi/overloading.pm", 0x7ffffea30fe0, 0) = -1 ENOENT (No such file or directory)
21363 newfstatat(AT_FDCWD, "/opt/packit/lib/perl5/vendor_perl/5.42/overloading.pmc", 0x7ffffea30fe0, 0) = -1 ENOENT (No such file or directory)
21363 newfstatat(AT_FDCWD, "/opt/packit/lib/perl5/vendor_perl/5.42/overloading.pm", 0x7ffffea30fe0, 0) = -1 ENOENT (No such file or directory)
21363 newfstatat(AT_FDCWD, "/opt/packit/packages/perl/5.42.2/lib/perl5//x86_64-linux-thread-multi/overloading.pmc", 0x7ffffea30fe0, 0) = -1 ENOENT (No such file or directory)
21363 newfstatat(AT_FDCWD, "/opt/packit/packages/perl/5.42.2/lib/perl5//x86_64-linux-thread-multi/overloading.pm", 0x7ffffea30fe0, 0) = -1 ENOENT (No such file or directory)
21363 newfstatat(AT_FDCWD, "/opt/packit/packages/perl/5.42.2/lib/perl5/overloading.pmc", 0x7ffffea30fe0, 0) = -1 ENOENT (No such file or directory)
21363 newfstatat(AT_FDCWD, "/opt/packit/packages/perl/5.42.2/lib/perl5/overloading.pm", {st_mode=S_IFREG|0755, st_size=1808, ...}, 0) = 0
21363 openat(AT_FDCWD, "/opt/packit/packages/perl/5.42.2/lib/perl5/overloading.pm", O_RDONLY|O_CLOEXEC) = 6
21363 ioctl(6, TCGETS, 0x7ffffea30d90)  = -1 ENOTTY (Inappropriate ioctl for device)
21363 lseek(6, 0, SEEK_CUR)             = 0
21363 read(6, "package overloading;\nuse warning"..., 8192) = 1808
21363 lseek(6, 963, SEEK_SET)           = 963
21363 lseek(6, 0, SEEK_CUR)             = 963
21363 close(6)                          = 0
21363 read(5, "def; # allow caller to format re"..., 8192) = 8192
21363 brk(0x55c71b38e000)               = 0x55c71b38e000
21363 read(5, "ble to all\n        # Perl versio"..., 8192) = 8192
21363 brk(0x55c71b3af000)               = 0x55c71b3af000
21363 read(5, "id polluting the caller's namesp"..., 8192) = 8192
21363 lseek(5, 25400, SEEK_SET)         = 25400
21363 lseek(5, 0, SEEK_CUR)             = 25400
21363 close(5)                          = 0
21363 getuid()                          = 1000
21363 geteuid()                         = 1000
21363 getgid()                          = 1000
21363 getegid()                         = 1000
21363 newfstatat(AT_FDCWD, "/opt/packit/packages/autoconf/2.73/share/autoconf/Data/Dumper.pmc", 0x7ffffea316a0, 0) = -1 ENOENT (No such file or directory)
21363 newfstatat(AT_FDCWD, "/opt/packit/packages/autoconf/2.73/share/autoconf/Data/Dumper.pm", 0x7ffffea316a0, 0) = -1 ENOENT (No such file or directory)
21363 newfstatat(AT_FDCWD, "/opt/packit/lib/perl5/site_perl/5.42/x86_64-linux-thread-multi/Data/Dumper.pmc", 0x7ffffea316a0, 0) = -1 ENOENT (No such file or directory)
21363 newfstatat(AT_FDCWD, "/opt/packit/lib/perl5/site_perl/5.42/x86_64-linux-thread-multi/Data/Dumper.pm", 0x7ffffea316a0, 0) = -1 ENOENT (No such file or directory)
21363 newfstatat(AT_FDCWD, "/opt/packit/lib/perl5/site_perl/5.42/Data/Dumper.pmc", 0x7ffffea316a0, 0) = -1 ENOENT (No such file or directory)
21363 newfstatat(AT_FDCWD, "/opt/packit/lib/perl5/site_perl/5.42/Data/Dumper.pm", 0x7ffffea316a0, 0) = -1 ENOENT (No such file or directory)
21363 newfstatat(AT_FDCWD, "/opt/packit/lib/perl5/vendor_perl/5.42/x86_64-linux-thread-multi/Data/Dumper.pmc", 0x7ffffea316a0, 0) = -1 ENOENT (No such file or directory)
21363 newfstatat(AT_FDCWD, "/opt/packit/lib/perl5/vendor_perl/5.42/x86_64-linux-thread-multi/Data/Dumper.pm", 0x7ffffea316a0, 0) = -1 ENOENT (No such file or directory)
21363 newfstatat(AT_FDCWD, "/opt/packit/lib/perl5/vendor_perl/5.42/Data/Dumper.pmc", 0x7ffffea316a0, 0) = -1 ENOENT (No such file or directory)
21363 newfstatat(AT_FDCWD, "/opt/packit/lib/perl5/vendor_perl/5.42/Data/Dumper.pm", 0x7ffffea316a0, 0) = -1 ENOENT (No such file or directory)
21363 newfstatat(AT_FDCWD, "/opt/packit/packages/perl/5.42.2/lib/perl5//x86_64-linux-thread-multi/Data/Dumper.pmc", 0x7ffffea316a0, 0) = -1 ENOENT (No such file or directory)
21363 newfstatat(AT_FDCWD, "/opt/packit/packages/perl/5.42.2/lib/perl5//x86_64-linux-thread-multi/Data/Dumper.pm", {st_mode=S_IFREG|0755, st_size=46335, ...}, 0) = 0
21363 openat(AT_FDCWD, "/opt/packit/packages/perl/5.42.2/lib/perl5//x86_64-linux-thread-multi/Data/Dumper.pm", O_RDONLY|O_CLOEXEC) = 5
21363 ioctl(5, TCGETS, 0x7ffffea31450)  = -1 ENOTTY (Inappropriate ioctl for device)
21363 lseek(5, 0, SEEK_CUR)             = 0
21363 read(5, "#\n# Data/Dumper.pm\n#\n# convert p"..., 8192) = 8192
21363 newfstatat(AT_FDCWD, "/opt/packit/packages/autoconf/2.73/share/autoconf/constant.pmc", 0x7ffffea30f90, 0) = -1 ENOENT (No such file or directory)
21363 newfstatat(AT_FDCWD, "/opt/packit/packages/autoconf/2.73/share/autoconf/constant.pm", 0x7ffffea30f90, 0) = -1 ENOENT (No such file or directory)
21363 newfstatat(AT_FDCWD, "/opt/packit/lib/perl5/site_perl/5.42/x86_64-linux-thread-multi/constant.pmc", 0x7ffffea30f90, 0) = -1 ENOENT (No such file or directory)
21363 newfstatat(AT_FDCWD, "/opt/packit/lib/perl5/site_perl/5.42/x86_64-linux-thread-multi/constant.pm", 0x7ffffea30f90, 0) = -1 ENOENT (No such file or directory)
21363 newfstatat(AT_FDCWD, "/opt/packit/lib/perl5/site_perl/5.42/constant.pmc", 0x7ffffea30f90, 0) = -1 ENOENT (No such file or directory)
21363 newfstatat(AT_FDCWD, "/opt/packit/lib/perl5/site_perl/5.42/constant.pm", 0x7ffffea30f90, 0) = -1 ENOENT (No such file or directory)
21363 newfstatat(AT_FDCWD, "/opt/packit/lib/perl5/vendor_perl/5.42/x86_64-linux-thread-multi/constant.pmc", 0x7ffffea30f90, 0) = -1 ENOENT (No such file or directory)
21363 newfstatat(AT_FDCWD, "/opt/packit/lib/perl5/vendor_perl/5.42/x86_64-linux-thread-multi/constant.pm", 0x7ffffea30f90, 0) = -1 ENOENT (No such file or directory)
21363 newfstatat(AT_FDCWD, "/opt/packit/lib/perl5/vendor_perl/5.42/constant.pmc", 0x7ffffea30f90, 0) = -1 ENOENT (No such file or directory)
21363 newfstatat(AT_FDCWD, "/opt/packit/lib/perl5/vendor_perl/5.42/constant.pm", 0x7ffffea30f90, 0) = -1 ENOENT (No such file or directory)
21363 newfstatat(AT_FDCWD, "/opt/packit/packages/perl/5.42.2/lib/perl5//x86_64-linux-thread-multi/constant.pmc", 0x7ffffea30f90, 0) = -1 ENOENT (No such file or directory)
21363 newfstatat(AT_FDCWD, "/opt/packit/packages/perl/5.42.2/lib/perl5//x86_64-linux-thread-multi/constant.pm", 0x7ffffea30f90, 0) = -1 ENOENT (No such file or directory)
21363 newfstatat(AT_FDCWD, "/opt/packit/packages/perl/5.42.2/lib/perl5/constant.pmc", 0x7ffffea30f90, 0) = -1 ENOENT (No such file or directory)
21363 newfstatat(AT_FDCWD, "/opt/packit/packages/perl/5.42.2/lib/perl5/constant.pm", {st_mode=S_IFREG|0755, st_size=14724, ...}, 0) = 0
21363 openat(AT_FDCWD, "/opt/packit/packages/perl/5.42.2/lib/perl5/constant.pm", O_RDONLY|O_CLOEXEC) = 6
21363 ioctl(6, TCGETS, 0x7ffffea30d40)  = -1 ENOTTY (Inappropriate ioctl for device)
21363 lseek(6, 0, SEEK_CUR)             = 0
21363 read(6, "package constant;\nuse 5.008;\nuse"..., 8192) = 8192
21363 newfstatat(AT_FDCWD, "/opt/packit/packages/autoconf/2.73/share/autoconf/warnings/register.pmc", 0x7ffffea30880, 0) = -1 ENOENT (No such file or directory)
21363 newfstatat(AT_FDCWD, "/opt/packit/packages/autoconf/2.73/share/autoconf/warnings/register.pm", 0x7ffffea30880, 0) = -1 ENOENT (No such file or directory)
21363 newfstatat(AT_FDCWD, "/opt/packit/lib/perl5/site_perl/5.42/x86_64-linux-thread-multi/warnings/register.pmc", 0x7ffffea30880, 0) = -1 ENOENT (No such file or directory)
21363 newfstatat(AT_FDCWD, "/opt/packit/lib/perl5/site_perl/5.42/x86_64-linux-thread-multi/warnings/register.pm", 0x7ffffea30880, 0) = -1 ENOENT (No such file or directory)
21363 newfstatat(AT_FDCWD, "/opt/packit/lib/perl5/site_perl/5.42/warnings/register.pmc", 0x7ffffea30880, 0) = -1 ENOENT (No such file or directory)
21363 newfstatat(AT_FDCWD, "/opt/packit/lib/perl5/site_perl/5.42/warnings/register.pm", 0x7ffffea30880, 0) = -1 ENOENT (No such file or directory)
21363 newfstatat(AT_FDCWD, "/opt/packit/lib/perl5/vendor_perl/5.42/x86_64-linux-thread-multi/warnings/register.pmc", 0x7ffffea30880, 0) = -1 ENOENT (No such file or directory)
21363 newfstatat(AT_FDCWD, "/opt/packit/lib/perl5/vendor_perl/5.42/x86_64-linux-thread-multi/warnings/register.pm", 0x7ffffea30880, 0) = -1 ENOENT (No such file or directory)
21363 newfstatat(AT_FDCWD, "/opt/packit/lib/perl5/vendor_perl/5.42/warnings/register.pmc", 0x7ffffea30880, 0) = -1 ENOENT (No such file or directory)
21363 newfstatat(AT_FDCWD, "/opt/packit/lib/perl5/vendor_perl/5.42/warnings/register.pm", 0x7ffffea30880, 0) = -1 ENOENT (No such file or directory)
21363 newfstatat(AT_FDCWD, "/opt/packit/packages/perl/5.42.2/lib/perl5//x86_64-linux-thread-multi/warnings/register.pmc", 0x7ffffea30880, 0) = -1 ENOENT (No such file or directory)
21363 newfstatat(AT_FDCWD, "/opt/packit/packages/perl/5.42.2/lib/perl5//x86_64-linux-thread-multi/warnings/register.pm", 0x7ffffea30880, 0) = -1 ENOENT (No such file or directory)
21363 newfstatat(AT_FDCWD, "/opt/packit/packages/perl/5.42.2/lib/perl5/warnings/register.pmc", 0x7ffffea30880, 0) = -1 ENOENT (No such file or directory)
21363 newfstatat(AT_FDCWD, "/opt/packit/packages/perl/5.42.2/lib/perl5/warnings/register.pm", {st_mode=S_IFREG|0755, st_size=768, ...}, 0) = 0
21363 openat(AT_FDCWD, "/opt/packit/packages/perl/5.42.2/lib/perl5/warnings/register.pm", O_RDONLY|O_CLOEXEC) = 7
21363 ioctl(7, TCGETS, 0x7ffffea30630)  = -1 ENOTTY (Inappropriate ioctl for device)
21363 lseek(7, 0, SEEK_CUR)             = 0
21363 read(7, "package warnings::register 1.06;"..., 8192) = 768
21363 lseek(7, 461, SEEK_SET)           = 461
21363 lseek(7, 0, SEEK_CUR)             = 461
21363 close(7)                          = 0
21363 brk(0x55c71b3d0000)               = 0x55c71b3d0000
21363 lseek(6, 5736, SEEK_SET)          = 5736
21363 lseek(6, 0, SEEK_CUR)             = 5736
21363 close(6)                          = 0
21363 getuid()                          = 1000
21363 geteuid()                         = 1000
21363 getgid()                          = 1000
21363 getegid()                         = 1000
21363 newfstatat(AT_FDCWD, "/opt/packit/packages/autoconf/2.73/share/autoconf/XSLoader.pmc", 0x7ffffea30fe0, 0) = -1 ENOENT (No such file or directory)
21363 newfstatat(AT_FDCWD, "/opt/packit/packages/autoconf/2.73/share/autoconf/XSLoader.pm", 0x7ffffea30fe0, 0) = -1 ENOENT (No such file or directory)
21363 newfstatat(AT_FDCWD, "/opt/packit/lib/perl5/site_perl/5.42/x86_64-linux-thread-multi/XSLoader.pmc", 0x7ffffea30fe0, 0) = -1 ENOENT (No such file or directory)
21363 newfstatat(AT_FDCWD, "/opt/packit/lib/perl5/site_perl/5.42/x86_64-linux-thread-multi/XSLoader.pm", 0x7ffffea30fe0, 0) = -1 ENOENT (No such file or directory)
21363 newfstatat(AT_FDCWD, "/opt/packit/lib/perl5/site_perl/5.42/XSLoader.pmc", 0x7ffffea30fe0, 0) = -1 ENOENT (No such file or directory)
21363 newfstatat(AT_FDCWD, "/opt/packit/lib/perl5/site_perl/5.42/XSLoader.pm", 0x7ffffea30fe0, 0) = -1 ENOENT (No such file or directory)
21363 newfstatat(AT_FDCWD, "/opt/packit/lib/perl5/vendor_perl/5.42/x86_64-linux-thread-multi/XSLoader.pmc", 0x7ffffea30fe0, 0) = -1 ENOENT (No such file or directory)
21363 newfstatat(AT_FDCWD, "/opt/packit/lib/perl5/vendor_perl/5.42/x86_64-linux-thread-multi/XSLoader.pm", 0x7ffffea30fe0, 0) = -1 ENOENT (No such file or directory)
21363 newfstatat(AT_FDCWD, "/opt/packit/lib/perl5/vendor_perl/5.42/XSLoader.pmc", 0x7ffffea30fe0, 0) = -1 ENOENT (No such file or directory)
21363 newfstatat(AT_FDCWD, "/opt/packit/lib/perl5/vendor_perl/5.42/XSLoader.pm", 0x7ffffea30fe0, 0) = -1 ENOENT (No such file or directory)
21363 newfstatat(AT_FDCWD, "/opt/packit/packages/perl/5.42.2/lib/perl5//x86_64-linux-thread-multi/XSLoader.pmc", 0x7ffffea30fe0, 0) = -1 ENOENT (No such file or directory)
21363 newfstatat(AT_FDCWD, "/opt/packit/packages/perl/5.42.2/lib/perl5//x86_64-linux-thread-multi/XSLoader.pm", 0x7ffffea30fe0, 0) = -1 ENOENT (No such file or directory)
21363 newfstatat(AT_FDCWD, "/opt/packit/packages/perl/5.42.2/lib/perl5/XSLoader.pmc", 0x7ffffea30fe0, 0) = -1 ENOENT (No such file or directory)
21363 newfstatat(AT_FDCWD, "/opt/packit/packages/perl/5.42.2/lib/perl5/XSLoader.pm", {st_mode=S_IFREG|0755, st_size=11399, ...}, 0) = 0
21363 openat(AT_FDCWD, "/opt/packit/packages/perl/5.42.2/lib/perl5/XSLoader.pm", O_RDONLY|O_CLOEXEC) = 6
21363 ioctl(6, TCGETS, 0x7ffffea30d90)  = -1 ENOTTY (Inappropriate ioctl for device)
21363 lseek(6, 0, SEEK_CUR)             = 0
21363 read(6, "# Generated from XSLoader_pm.PL "..., 8192) = 8192
21363 brk(0x55c71b3f2000)               = 0x55c71b3f2000
21363 lseek(6, 4114, SEEK_SET)          = 4114
21363 lseek(6, 0, SEEK_CUR)             = 4114
21363 close(6)                          = 0
21363 newfstatat(AT_FDCWD, "/opt/packit/packages/perl/5.42.2/lib/perl5//x86_64-linux-thread-multi/auto/Data/Dumper/Dumper.so", {st_mode=S_IFREG|0755, st_size=48384, ...}, 0) = 0
21363 newfstatat(AT_FDCWD, "/opt/packit/packages/perl/5.42.2/lib/perl5//x86_64-linux-thread-multi/auto/Data/Dumper/Dumper.bs", 0x55c71b2624b8, 0) = -1 ENOENT (No such file or directory)
21363 openat(AT_FDCWD, "/opt/packit/packages/perl/5.42.2/lib/perl5//x86_64-linux-thread-multi/auto/Data/Dumper/Dumper.so", O_RDONLY|O_CLOEXEC) = 6
21363 read(6, "\177ELF\2\1\1\0\0\0\0\0\0\0\0\0\3\0>\0\1\0\0\0\0\0\0\0\0\0\0\0"..., 832) = 832
21363 fstat(6, {st_mode=S_IFREG|0755, st_size=48384, ...}) = 0
21363 mmap(NULL, 45640, PROT_READ, MAP_PRIVATE|MAP_DENYWRITE, 6, 0) = 0x7fbe87d53000
21363 mmap(0x7fbe87d55000, 28672, PROT_READ|PROT_EXEC, MAP_PRIVATE|MAP_FIXED|MAP_DENYWRITE, 6, 0x2000) = 0x7fbe87d55000
21363 mmap(0x7fbe87d5c000, 4096, PROT_READ, MAP_PRIVATE|MAP_FIXED|MAP_DENYWRITE, 6, 0x9000) = 0x7fbe87d5c000
21363 mmap(0x7fbe87d5d000, 8192, PROT_READ|PROT_WRITE, MAP_PRIVATE|MAP_FIXED|MAP_DENYWRITE, 6, 0x9000) = 0x7fbe87d5d000
21363 close(6)                          = 0
21363 mprotect(0x7fbe87d5d000, 4096, PROT_READ) = 0
21363 read(5, "     eval { $val->$freezer() };\n"..., 8192) = 8192
21363 brk(0x55c71b414000)               = 0x55c71b414000
21363 brk(0x55c71b436000)               = 0x55c71b436000
21363 brk(0x55c71b430000)               = 0x55c71b430000
21363 read(5, " eq \"SCALAR\" && ! defined $$gval"..., 8192) = 8192
21363 brk(0x55c71b451000)               = 0x55c71b451000
21363 newfstatat(AT_FDCWD, "/opt/packit/packages/autoconf/2.73/share/autoconf/bytes.pmc", 0x7ffffea30f90, 0) = -1 ENOENT (No such file or directory)
21363 newfstatat(AT_FDCWD, "/opt/packit/packages/autoconf/2.73/share/autoconf/bytes.pm", 0x7ffffea30f90, 0) = -1 ENOENT (No such file or directory)
21363 newfstatat(AT_FDCWD, "/opt/packit/lib/perl5/site_perl/5.42/x86_64-linux-thread-multi/bytes.pmc", 0x7ffffea30f90, 0) = -1 ENOENT (No such file or directory)
21363 newfstatat(AT_FDCWD, "/opt/packit/lib/perl5/site_perl/5.42/x86_64-linux-thread-multi/bytes.pm", 0x7ffffea30f90, 0) = -1 ENOENT (No such file or directory)
21363 newfstatat(AT_FDCWD, "/opt/packit/lib/perl5/site_perl/5.42/bytes.pmc", 0x7ffffea30f90, 0) = -1 ENOENT (No such file or directory)
21363 newfstatat(AT_FDCWD, "/opt/packit/lib/perl5/site_perl/5.42/bytes.pm", 0x7ffffea30f90, 0) = -1 ENOENT (No such file or directory)
21363 newfstatat(AT_FDCWD, "/opt/packit/lib/perl5/vendor_perl/5.42/x86_64-linux-thread-multi/bytes.pmc", 0x7ffffea30f90, 0) = -1 ENOENT (No such file or directory)
21363 newfstatat(AT_FDCWD, "/opt/packit/lib/perl5/vendor_perl/5.42/x86_64-linux-thread-multi/bytes.pm", 0x7ffffea30f90, 0) = -1 ENOENT (No such file or directory)
21363 newfstatat(AT_FDCWD, "/opt/packit/lib/perl5/vendor_perl/5.42/bytes.pmc", 0x7ffffea30f90, 0) = -1 ENOENT (No such file or directory)
21363 newfstatat(AT_FDCWD, "/opt/packit/lib/perl5/vendor_perl/5.42/bytes.pm", 0x7ffffea30f90, 0) = -1 ENOENT (No such file or directory)
21363 newfstatat(AT_FDCWD, "/opt/packit/packages/perl/5.42.2/lib/perl5//x86_64-linux-thread-multi/bytes.pmc", 0x7ffffea30f90, 0) = -1 ENOENT (No such file or directory)
21363 newfstatat(AT_FDCWD, "/opt/packit/packages/perl/5.42.2/lib/perl5//x86_64-linux-thread-multi/bytes.pm", 0x7ffffea30f90, 0) = -1 ENOENT (No such file or directory)
21363 newfstatat(AT_FDCWD, "/opt/packit/packages/perl/5.42.2/lib/perl5/bytes.pmc", 0x7ffffea30f90, 0) = -1 ENOENT (No such file or directory)
21363 newfstatat(AT_FDCWD, "/opt/packit/packages/perl/5.42.2/lib/perl5/bytes.pm", {st_mode=S_IFREG|0755, st_size=3856, ...}, 0) = 0
21363 openat(AT_FDCWD, "/opt/packit/packages/perl/5.42.2/lib/perl5/bytes.pm", O_RDONLY|O_CLOEXEC) = 6
21363 ioctl(6, TCGETS, 0x7ffffea30d40)  = -1 ENOTTY (Inappropriate ioctl for device)
21363 lseek(6, 0, SEEK_CUR)             = 0
21363 read(6, "package bytes 1.09;\n\nuse v5.38;\n"..., 8192) = 3856
21363 lseek(6, 568, SEEK_SET)           = 568
21363 lseek(6, 0, SEEK_CUR)             = 568
21363 close(6)                          = 0
21363 read(5, "}, @{$postref}) .\n            ';"..., 8192) = 8192
21363 lseek(5, 24672, SEEK_SET)         = 24672
21363 lseek(5, 0, SEEK_CUR)             = 24672
21363 close(5)                          = 0
21363 newfstatat(AT_FDCWD, "/opt/packit/packages/autoconf/2.73/share/autoconf/Autom4te/Request.pmc", 0x7ffffea316a0, 0) = -1 ENOENT (No such file or directory)
21363 newfstatat(AT_FDCWD, "/opt/packit/packages/autoconf/2.73/share/autoconf/Autom4te/Request.pm", {st_mode=S_IFREG|0755, st_size=2778, ...}, 0) = 0
21363 openat(AT_FDCWD, "/opt/packit/packages/autoconf/2.73/share/autoconf/Autom4te/Request.pm", O_RDONLY|O_CLOEXEC) = 5
21363 ioctl(5, TCGETS, 0x7ffffea31450)  = -1 ENOTTY (Inappropriate ioctl for device)
21363 lseek(5, 0, SEEK_CUR)             = 0
21363 read(5, "# autoconf -- create 'configure'"..., 8192) = 2778
21363 newfstatat(AT_FDCWD, "/opt/packit/packages/autoconf/2.73/share/autoconf/Class/Struct.pmc", 0x7ffffea30f90, 0) = -1 ENOENT (No such file or directory)
21363 newfstatat(AT_FDCWD, "/opt/packit/packages/autoconf/2.73/share/autoconf/Class/Struct.pm", 0x7ffffea30f90, 0) = -1 ENOENT (No such file or directory)
21363 newfstatat(AT_FDCWD, "/opt/packit/lib/perl5/site_perl/5.42/x86_64-linux-thread-multi/Class/Struct.pmc", 0x7ffffea30f90, 0) = -1 ENOENT (No such file or directory)
21363 newfstatat(AT_FDCWD, "/opt/packit/lib/perl5/site_perl/5.42/x86_64-linux-thread-multi/Class/Struct.pm", 0x7ffffea30f90, 0) = -1 ENOENT (No such file or directory)
21363 newfstatat(AT_FDCWD, "/opt/packit/lib/perl5/site_perl/5.42/Class/Struct.pmc", 0x7ffffea30f90, 0) = -1 ENOENT (No such file or directory)
21363 newfstatat(AT_FDCWD, "/opt/packit/lib/perl5/site_perl/5.42/Class/Struct.pm", 0x7ffffea30f90, 0) = -1 ENOENT (No such file or directory)
21363 newfstatat(AT_FDCWD, "/opt/packit/lib/perl5/vendor_perl/5.42/x86_64-linux-thread-multi/Class/Struct.pmc", 0x7ffffea30f90, 0) = -1 ENOENT (No such file or directory)
21363 newfstatat(AT_FDCWD, "/opt/packit/lib/perl5/vendor_perl/5.42/x86_64-linux-thread-multi/Class/Struct.pm", 0x7ffffea30f90, 0) = -1 ENOENT (No such file or directory)
21363 newfstatat(AT_FDCWD, "/opt/packit/lib/perl5/vendor_perl/5.42/Class/Struct.pmc", 0x7ffffea30f90, 0) = -1 ENOENT (No such file or directory)
21363 newfstatat(AT_FDCWD, "/opt/packit/lib/perl5/vendor_perl/5.42/Class/Struct.pm", 0x7ffffea30f90, 0) = -1 ENOENT (No such file or directory)
21363 newfstatat(AT_FDCWD, "/opt/packit/packages/perl/5.42.2/lib/perl5//x86_64-linux-thread-multi/Class/Struct.pmc", 0x7ffffea30f90, 0) = -1 ENOENT (No such file or directory)
21363 newfstatat(AT_FDCWD, "/opt/packit/packages/perl/5.42.2/lib/perl5//x86_64-linux-thread-multi/Class/Struct.pm", 0x7ffffea30f90, 0) = -1 ENOENT (No such file or directory)
21363 newfstatat(AT_FDCWD, "/opt/packit/packages/perl/5.42.2/lib/perl5/Class/Struct.pmc", 0x7ffffea30f90, 0) = -1 ENOENT (No such file or directory)
21363 newfstatat(AT_FDCWD, "/opt/packit/packages/perl/5.42.2/lib/perl5/Class/Struct.pm", {st_mode=S_IFREG|0755, st_size=20336, ...}, 0) = 0
21363 openat(AT_FDCWD, "/opt/packit/packages/perl/5.42.2/lib/perl5/Class/Struct.pm", O_RDONLY|O_CLOEXEC) = 6
21363 ioctl(6, TCGETS, 0x7ffffea30d40)  = -1 ENOTTY (Inappropriate ioctl for device)
21363 lseek(6, 0, SEEK_CUR)             = 0
21363 read(6, "package Class::Struct;\n\n## See P"..., 8192) = 8192
21363 brk(0x55c71b472000)               = 0x55c71b472000
21363 brk(0x55c71b493000)               = 0x55c71b493000
21363 lseek(6, 6761, SEEK_SET)          = 6761
21363 lseek(6, 0, SEEK_CUR)             = 6761
21363 close(6)                          = 0
21363 getuid()                          = 1000
21363 geteuid()                         = 1000
21363 getgid()                          = 1000
21363 getegid()                         = 1000
21363 newfstatat(AT_FDCWD, "/opt/packit/packages/autoconf/2.73/share/autoconf/Exporter/Heavy.pmc", 0x7ffffea30f90, 0) = -1 ENOENT (No such file or directory)
21363 newfstatat(AT_FDCWD, "/opt/packit/packages/autoconf/2.73/share/autoconf/Exporter/Heavy.pm", 0x7ffffea30f90, 0) = -1 ENOENT (No such file or directory)
21363 newfstatat(AT_FDCWD, "/opt/packit/lib/perl5/site_perl/5.42/x86_64-linux-thread-multi/Exporter/Heavy.pmc", 0x7ffffea30f90, 0) = -1 ENOENT (No such file or directory)
21363 newfstatat(AT_FDCWD, "/opt/packit/lib/perl5/site_perl/5.42/x86_64-linux-thread-multi/Exporter/Heavy.pm", 0x7ffffea30f90, 0) = -1 ENOENT (No such file or directory)
21363 newfstatat(AT_FDCWD, "/opt/packit/lib/perl5/site_perl/5.42/Exporter/Heavy.pmc", 0x7ffffea30f90, 0) = -1 ENOENT (No such file or directory)
21363 newfstatat(AT_FDCWD, "/opt/packit/lib/perl5/site_perl/5.42/Exporter/Heavy.pm", 0x7ffffea30f90, 0) = -1 ENOENT (No such file or directory)
21363 newfstatat(AT_FDCWD, "/opt/packit/lib/perl5/vendor_perl/5.42/x86_64-linux-thread-multi/Exporter/Heavy.pmc", 0x7ffffea30f90, 0) = -1 ENOENT (No such file or directory)
21363 newfstatat(AT_FDCWD, "/opt/packit/lib/perl5/vendor_perl/5.42/x86_64-linux-thread-multi/Exporter/Heavy.pm", 0x7ffffea30f90, 0) = -1 ENOENT (No such file or directory)
21363 newfstatat(AT_FDCWD, "/opt/packit/lib/perl5/vendor_perl/5.42/Exporter/Heavy.pmc", 0x7ffffea30f90, 0) = -1 ENOENT (No such file or directory)
21363 newfstatat(AT_FDCWD, "/opt/packit/lib/perl5/vendor_perl/5.42/Exporter/Heavy.pm", 0x7ffffea30f90, 0) = -1 ENOENT (No such file or directory)
21363 newfstatat(AT_FDCWD, "/opt/packit/packages/perl/5.42.2/lib/perl5//x86_64-linux-thread-multi/Exporter/Heavy.pmc", 0x7ffffea30f90, 0) = -1 ENOENT (No such file or directory)
21363 newfstatat(AT_FDCWD, "/opt/packit/packages/perl/5.42.2/lib/perl5//x86_64-linux-thread-multi/Exporter/Heavy.pm", 0x7ffffea30f90, 0) = -1 ENOENT (No such file or directory)
21363 newfstatat(AT_FDCWD, "/opt/packit/packages/perl/5.42.2/lib/perl5/Exporter/Heavy.pmc", 0x7ffffea30f90, 0) = -1 ENOENT (No such file or directory)
21363 newfstatat(AT_FDCWD, "/opt/packit/packages/perl/5.42.2/lib/perl5/Exporter/Heavy.pm", {st_mode=S_IFREG|0755, st_size=6457, ...}, 0) = 0
21363 openat(AT_FDCWD, "/opt/packit/packages/perl/5.42.2/lib/perl5/Exporter/Heavy.pm", O_RDONLY|O_CLOEXEC) = 6
21363 ioctl(6, TCGETS, 0x7ffffea30d40)  = -1 ENOTTY (Inappropriate ioctl for device)
21363 lseek(6, 0, SEEK_CUR)             = 0
21363 read(6, "package Exporter::Heavy;\n\nuse st"..., 8192) = 6457
21363 brk(0x55c71b4b4000)               = 0x55c71b4b4000
21363 read(6, "", 8192)                 = 0
21363 close(6)                          = 0
21363 read(5, "", 8192)                 = 0
21363 close(5)                          = 0
21363 read(4, "", 8192)                 = 0
21363 close(4)                          = 0
21363 newfstatat(AT_FDCWD, "/opt/packit/packages/autoconf/2.73/share/autoconf/Autom4te/ChannelDefs.pmc", 0x7ffffea31db0, 0) = -1 ENOENT (No such file or directory)
21363 newfstatat(AT_FDCWD, "/opt/packit/packages/autoconf/2.73/share/autoconf/Autom4te/ChannelDefs.pm", {st_mode=S_IFREG|0755, st_size=14350, ...}, 0) = 0
21363 openat(AT_FDCWD, "/opt/packit/packages/autoconf/2.73/share/autoconf/Autom4te/ChannelDefs.pm", O_RDONLY|O_CLOEXEC) = 4
21363 ioctl(4, TCGETS, 0x7ffffea31b60)  = -1 ENOTTY (Inappropriate ioctl for device)
21363 lseek(4, 0, SEEK_CUR)             = 0
21363 read(4, "# Copyright (C) 2002-2025 Free S"..., 8192) = 8192
21363 newfstatat(AT_FDCWD, "/opt/packit/packages/autoconf/2.73/share/autoconf/Autom4te/Channels.pmc", 0x7ffffea316a0, 0) = -1 ENOENT (No such file or directory)
21363 newfstatat(AT_FDCWD, "/opt/packit/packages/autoconf/2.73/share/autoconf/Autom4te/Channels.pm", {st_mode=S_IFREG|0755, st_size=21841, ...}, 0) = 0
21363 openat(AT_FDCWD, "/opt/packit/packages/autoconf/2.73/share/autoconf/Autom4te/Channels.pm", O_RDONLY|O_CLOEXEC) = 5
21363 ioctl(5, TCGETS, 0x7ffffea31450)  = -1 ENOTTY (Inappropriate ioctl for device)
21363 lseek(5, 0, SEEK_CUR)             = 0
21363 read(5, "# Copyright (C) 2002-2025 Free S"..., 8192) = 8192
21363 brk(0x55c71b4d5000)               = 0x55c71b4d5000
21363 read(5, "();\n\nsub _reset_duplicates (\\%)\n"..., 8192) = 8192
21363 brk(0x55c71b4f6000)               = 0x55c71b4f6000
21363 read(5, "channel, $location->clone, $mess"..., 8192) = 5457
21363 read(5, "", 8192)                 = 0
21363 close(5)                          = 0
21363 getuid()                          = 1000
21363 geteuid()                         = 1000
21363 getgid()                          = 1000
21363 getegid()                         = 1000
21363 newfstatat(AT_FDCWD, "/opt/packit/packages/autoconf/2.73/share/autoconf/Autom4te/Config.pmc", 0x7ffffea316a0, 0) = -1 ENOENT (No such file or directory)
21363 newfstatat(AT_FDCWD, "/opt/packit/packages/autoconf/2.73/share/autoconf/Autom4te/Config.pm", {st_mode=S_IFREG|0755, st_size=1425, ...}, 0) = 0
21363 openat(AT_FDCWD, "/opt/packit/packages/autoconf/2.73/share/autoconf/Autom4te/Config.pm", O_RDONLY|O_CLOEXEC) = 5
21363 ioctl(5, TCGETS, 0x7ffffea31450)  = -1 ENOTTY (Inappropriate ioctl for device)
21363 lseek(5, 0, SEEK_CUR)             = 0
21363 read(5, "#  -*- Perl -*-\n# Copyright (C) "..., 8192) = 1425
21363 read(5, "", 8192)                 = 0
21363 close(5)                          = 0
21363 getuid()                          = 1000
21363 geteuid()                         = 1000
21363 getgid()                          = 1000
21363 getegid()                         = 1000
21363 read(4, " see 'dollarvar2', 'extra-portab"..., 8192) = 6158
21363 brk(0x55c71b517000)               = 0x55c71b517000
21363 read(4, "", 8192)                 = 0
21363 close(4)                          = 0
21363 getuid()                          = 1000
21363 geteuid()                         = 1000
21363 getgid()                          = 1000
21363 getegid()                         = 1000
21363 newfstatat(AT_FDCWD, "/opt/packit/packages/autoconf/2.73/share/autoconf/Autom4te/FileUtils.pmc", 0x7ffffea31db0, 0) = -1 ENOENT (No such file or directory)
21363 newfstatat(AT_FDCWD, "/opt/packit/packages/autoconf/2.73/share/autoconf/Autom4te/FileUtils.pm", {st_mode=S_IFREG|0755, st_size=10002, ...}, 0) = 0
21363 openat(AT_FDCWD, "/opt/packit/packages/autoconf/2.73/share/autoconf/Autom4te/FileUtils.pm", O_RDONLY|O_CLOEXEC) = 4
21363 ioctl(4, TCGETS, 0x7ffffea31b60)  = -1 ENOTTY (Inappropriate ioctl for device)
21363 lseek(4, 0, SEEK_CUR)             = 0
21363 read(4, "# Copyright (C) 2003-2025 Free S"..., 8192) = 8192
21363 getuid()                          = 1000
21363 geteuid()                         = 1000
21363 getgid()                          = 1000
21363 getegid()                         = 1000
21363 newfstatat(AT_FDCWD, "/opt/packit/packages/autoconf/2.73/share/autoconf/Time/HiRes.pmc", 0x7ffffea316f0, 0) = -1 ENOENT (No such file or directory)
21363 newfstatat(AT_FDCWD, "/opt/packit/packages/autoconf/2.73/share/autoconf/Time/HiRes.pm", 0x7ffffea316f0, 0) = -1 ENOENT (No such file or directory)
21363 newfstatat(AT_FDCWD, "/opt/packit/lib/perl5/site_perl/5.42/x86_64-linux-thread-multi/Time/HiRes.pmc", 0x7ffffea316f0, 0) = -1 ENOENT (No such file or directory)
21363 newfstatat(AT_FDCWD, "/opt/packit/lib/perl5/site_perl/5.42/x86_64-linux-thread-multi/Time/HiRes.pm", 0x7ffffea316f0, 0) = -1 ENOENT (No such file or directory)
21363 newfstatat(AT_FDCWD, "/opt/packit/lib/perl5/site_perl/5.42/Time/HiRes.pmc", 0x7ffffea316f0, 0) = -1 ENOENT (No such file or directory)
21363 newfstatat(AT_FDCWD, "/opt/packit/lib/perl5/site_perl/5.42/Time/HiRes.pm", 0x7ffffea316f0, 0) = -1 ENOENT (No such file or directory)
21363 newfstatat(AT_FDCWD, "/opt/packit/lib/perl5/vendor_perl/5.42/x86_64-linux-thread-multi/Time/HiRes.pmc", 0x7ffffea316f0, 0) = -1 ENOENT (No such file or directory)
21363 newfstatat(AT_FDCWD, "/opt/packit/lib/perl5/vendor_perl/5.42/x86_64-linux-thread-multi/Time/HiRes.pm", 0x7ffffea316f0, 0) = -1 ENOENT (No such file or directory)
21363 newfstatat(AT_FDCWD, "/opt/packit/lib/perl5/vendor_perl/5.42/Time/HiRes.pmc", 0x7ffffea316f0, 0) = -1 ENOENT (No such file or directory)
21363 newfstatat(AT_FDCWD, "/opt/packit/lib/perl5/vendor_perl/5.42/Time/HiRes.pm", 0x7ffffea316f0, 0) = -1 ENOENT (No such file or directory)
21363 newfstatat(AT_FDCWD, "/opt/packit/packages/perl/5.42.2/lib/perl5//x86_64-linux-thread-multi/Time/HiRes.pmc", 0x7ffffea316f0, 0) = -1 ENOENT (No such file or directory)
21363 newfstatat(AT_FDCWD, "/opt/packit/packages/perl/5.42.2/lib/perl5//x86_64-linux-thread-multi/Time/HiRes.pm", {st_mode=S_IFREG|0755, st_size=25652, ...}, 0) = 0
21363 openat(AT_FDCWD, "/opt/packit/packages/perl/5.42.2/lib/perl5//x86_64-linux-thread-multi/Time/HiRes.pm", O_RDONLY|O_CLOEXEC) = 5
21363 ioctl(5, TCGETS, 0x7ffffea314a0)  = -1 ENOTTY (Inappropriate ioctl for device)
21363 lseek(5, 0, SEEK_CUR)             = 0
21363 read(5, "package Time::HiRes;\n\n{ use 5.00"..., 8192) = 8192
21363 brk(0x55c71b538000)               = 0x55c71b538000
21363 lseek(5, 3392, SEEK_SET)          = 3392
21363 lseek(5, 0, SEEK_CUR)             = 3392
21363 close(5)                          = 0
21363 getuid()                          = 1000
21363 geteuid()                         = 1000
21363 getgid()                          = 1000
21363 getegid()                         = 1000
21363 newfstatat(AT_FDCWD, "/opt/packit/packages/perl/5.42.2/lib/perl5//x86_64-linux-thread-multi/auto/Time/HiRes/HiRes.so", {st_mode=S_IFREG|0755, st_size=39136, ...}, 0) = 0
21363 newfstatat(AT_FDCWD, "/opt/packit/packages/perl/5.42.2/lib/perl5//x86_64-linux-thread-multi/auto/Time/HiRes/HiRes.bs", 0x55c71b2624b8, 0) = -1 ENOENT (No such file or directory)
21363 openat(AT_FDCWD, "/opt/packit/packages/perl/5.42.2/lib/perl5//x86_64-linux-thread-multi/auto/Time/HiRes/HiRes.so", O_RDONLY|O_CLOEXEC) = 5
21363 read(5, "\177ELF\2\1\1\0\0\0\0\0\0\0\0\0\3\0>\0\1\0\0\0\0\0\0\0\0\0\0\0"..., 832) = 832
21363 fstat(5, {st_mode=S_IFREG|0755, st_size=39136, ...}) = 0
21363 mmap(NULL, 37224, PROT_READ, MAP_PRIVATE|MAP_DENYWRITE, 5, 0) = 0x7fbe87c1e000
21363 mmap(0x7fbe87c20000, 16384, PROT_READ|PROT_EXEC, MAP_PRIVATE|MAP_FIXED|MAP_DENYWRITE, 5, 0x2000) = 0x7fbe87c20000
21363 mmap(0x7fbe87c24000, 8192, PROT_READ, MAP_PRIVATE|MAP_FIXED|MAP_DENYWRITE, 5, 0x6000) = 0x7fbe87c24000
21363 mmap(0x7fbe87c26000, 8192, PROT_READ|PROT_WRITE, MAP_PRIVATE|MAP_FIXED|MAP_DENYWRITE, 5, 0x7000) = 0x7fbe87c26000
21363 close(5)                          = 0
21363 mprotect(0x7fbe87c26000, 4096, PROT_READ) = 0
21363 newfstatat(AT_FDCWD, "/opt/packit/packages/autoconf/2.73/share/autoconf/IO/File.pmc", 0x7ffffea316a0, 0) = -1 ENOENT (No such file or directory)
21363 newfstatat(AT_FDCWD, "/opt/packit/packages/autoconf/2.73/share/autoconf/IO/File.pm", 0x7ffffea316a0, 0) = -1 ENOENT (No such file or directory)
21363 newfstatat(AT_FDCWD, "/opt/packit/lib/perl5/site_perl/5.42/x86_64-linux-thread-multi/IO/File.pmc", 0x7ffffea316a0, 0) = -1 ENOENT (No such file or directory)
21363 newfstatat(AT_FDCWD, "/opt/packit/lib/perl5/site_perl/5.42/x86_64-linux-thread-multi/IO/File.pm", 0x7ffffea316a0, 0) = -1 ENOENT (No such file or directory)
21363 newfstatat(AT_FDCWD, "/opt/packit/lib/perl5/site_perl/5.42/IO/File.pmc", 0x7ffffea316a0, 0) = -1 ENOENT (No such file or directory)
21363 newfstatat(AT_FDCWD, "/opt/packit/lib/perl5/site_perl/5.42/IO/File.pm", 0x7ffffea316a0, 0) = -1 ENOENT (No such file or directory)
21363 newfstatat(AT_FDCWD, "/opt/packit/lib/perl5/vendor_perl/5.42/x86_64-linux-thread-multi/IO/File.pmc", 0x7ffffea316a0, 0) = -1 ENOENT (No such file or directory)
21363 newfstatat(AT_FDCWD, "/opt/packit/lib/perl5/vendor_perl/5.42/x86_64-linux-thread-multi/IO/File.pm", 0x7ffffea316a0, 0) = -1 ENOENT (No such file or directory)
21363 newfstatat(AT_FDCWD, "/opt/packit/lib/perl5/vendor_perl/5.42/IO/File.pmc", 0x7ffffea316a0, 0) = -1 ENOENT (No such file or directory)
21363 newfstatat(AT_FDCWD, "/opt/packit/lib/perl5/vendor_perl/5.42/IO/File.pm", 0x7ffffea316a0, 0) = -1 ENOENT (No such file or directory)
21363 newfstatat(AT_FDCWD, "/opt/packit/packages/perl/5.42.2/lib/perl5//x86_64-linux-thread-multi/IO/File.pmc", 0x7ffffea316a0, 0) = -1 ENOENT (No such file or directory)
21363 newfstatat(AT_FDCWD, "/opt/packit/packages/perl/5.42.2/lib/perl5//x86_64-linux-thread-multi/IO/File.pm", {st_mode=S_IFREG|0755, st_size=4410, ...}, 0) = 0
21363 openat(AT_FDCWD, "/opt/packit/packages/perl/5.42.2/lib/perl5//x86_64-linux-thread-multi/IO/File.pm", O_RDONLY|O_CLOEXEC) = 5
21363 ioctl(5, TCGETS, 0x7ffffea31450)  = -1 ENOTTY (Inappropriate ioctl for device)
21363 lseek(5, 0, SEEK_CUR)             = 0
21363 read(5, "#\n\npackage IO::File;\n\n=head1 NAM"..., 8192) = 4410
21363 newfstatat(AT_FDCWD, "/opt/packit/packages/autoconf/2.73/share/autoconf/Symbol.pmc", 0x7ffffea30f90, 0) = -1 ENOENT (No such file or directory)
21363 newfstatat(AT_FDCWD, "/opt/packit/packages/autoconf/2.73/share/autoconf/Symbol.pm", 0x7ffffea30f90, 0) = -1 ENOENT (No such file or directory)
21363 newfstatat(AT_FDCWD, "/opt/packit/lib/perl5/site_perl/5.42/x86_64-linux-thread-multi/Symbol.pmc", 0x7ffffea30f90, 0) = -1 ENOENT (No such file or directory)
21363 newfstatat(AT_FDCWD, "/opt/packit/lib/perl5/site_perl/5.42/x86_64-linux-thread-multi/Symbol.pm", 0x7ffffea30f90, 0) = -1 ENOENT (No such file or directory)
21363 newfstatat(AT_FDCWD, "/opt/packit/lib/perl5/site_perl/5.42/Symbol.pmc", 0x7ffffea30f90, 0) = -1 ENOENT (No such file or directory)
21363 newfstatat(AT_FDCWD, "/opt/packit/lib/perl5/site_perl/5.42/Symbol.pm", 0x7ffffea30f90, 0) = -1 ENOENT (No such file or directory)
21363 newfstatat(AT_FDCWD, "/opt/packit/lib/perl5/vendor_perl/5.42/x86_64-linux-thread-multi/Symbol.pmc", 0x7ffffea30f90, 0) = -1 ENOENT (No such file or directory)
21363 newfstatat(AT_FDCWD, "/opt/packit/lib/perl5/vendor_perl/5.42/x86_64-linux-thread-multi/Symbol.pm", 0x7ffffea30f90, 0) = -1 ENOENT (No such file or directory)
21363 newfstatat(AT_FDCWD, "/opt/packit/lib/perl5/vendor_perl/5.42/Symbol.pmc", 0x7ffffea30f90, 0) = -1 ENOENT (No such file or directory)
21363 newfstatat(AT_FDCWD, "/opt/packit/lib/perl5/vendor_perl/5.42/Symbol.pm", 0x7ffffea30f90, 0) = -1 ENOENT (No such file or directory)
21363 newfstatat(AT_FDCWD, "/opt/packit/packages/perl/5.42.2/lib/perl5//x86_64-linux-thread-multi/Symbol.pmc", 0x7ffffea30f90, 0) = -1 ENOENT (No such file or directory)
21363 newfstatat(AT_FDCWD, "/opt/packit/packages/perl/5.42.2/lib/perl5//x86_64-linux-thread-multi/Symbol.pm", 0x7ffffea30f90, 0) = -1 ENOENT (No such file or directory)
21363 newfstatat(AT_FDCWD, "/opt/packit/packages/perl/5.42.2/lib/perl5/Symbol.pmc", 0x7ffffea30f90, 0) = -1 ENOENT (No such file or directory)
21363 newfstatat(AT_FDCWD, "/opt/packit/packages/perl/5.42.2/lib/perl5/Symbol.pm", {st_mode=S_IFREG|0755, st_size=4905, ...}, 0) = 0
21363 openat(AT_FDCWD, "/opt/packit/packages/perl/5.42.2/lib/perl5/Symbol.pm", O_RDONLY|O_CLOEXEC) = 6
21363 ioctl(6, TCGETS, 0x7ffffea30d40)  = -1 ENOTTY (Inappropriate ioctl for device)
21363 lseek(6, 0, SEEK_CUR)             = 0
21363 read(6, "package Symbol;\n\nuse strict;\nuse"..., 8192) = 4905
21363 brk(0x55c71b559000)               = 0x55c71b559000
21363 read(6, "", 8192)                 = 0
21363 close(6)                          = 0
21363 getuid()                          = 1000
21363 geteuid()                         = 1000
21363 getgid()                          = 1000
21363 getegid()                         = 1000
21363 newfstatat(AT_FDCWD, "/opt/packit/packages/autoconf/2.73/share/autoconf/SelectSaver.pmc", 0x7ffffea30f90, 0) = -1 ENOENT (No such file or directory)
21363 newfstatat(AT_FDCWD, "/opt/packit/packages/autoconf/2.73/share/autoconf/SelectSaver.pm", 0x7ffffea30f90, 0) = -1 ENOENT (No such file or directory)
21363 newfstatat(AT_FDCWD, "/opt/packit/lib/perl5/site_perl/5.42/x86_64-linux-thread-multi/SelectSaver.pmc", 0x7ffffea30f90, 0) = -1 ENOENT (No such file or directory)
21363 newfstatat(AT_FDCWD, "/opt/packit/lib/perl5/site_perl/5.42/x86_64-linux-thread-multi/SelectSaver.pm", 0x7ffffea30f90, 0) = -1 ENOENT (No such file or directory)
21363 newfstatat(AT_FDCWD, "/opt/packit/lib/perl5/site_perl/5.42/SelectSaver.pmc", 0x7ffffea30f90, 0) = -1 ENOENT (No such file or directory)
21363 newfstatat(AT_FDCWD, "/opt/packit/lib/perl5/site_perl/5.42/SelectSaver.pm", 0x7ffffea30f90, 0) = -1 ENOENT (No such file or directory)
21363 newfstatat(AT_FDCWD, "/opt/packit/lib/perl5/vendor_perl/5.42/x86_64-linux-thread-multi/SelectSaver.pmc", 0x7ffffea30f90, 0) = -1 ENOENT (No such file or directory)
21363 newfstatat(AT_FDCWD, "/opt/packit/lib/perl5/vendor_perl/5.42/x86_64-linux-thread-multi/SelectSaver.pm", 0x7ffffea30f90, 0) = -1 ENOENT (No such file or directory)
21363 newfstatat(AT_FDCWD, "/opt/packit/lib/perl5/vendor_perl/5.42/SelectSaver.pmc", 0x7ffffea30f90, 0) = -1 ENOENT (No such file or directory)
21363 newfstatat(AT_FDCWD, "/opt/packit/lib/perl5/vendor_perl/5.42/SelectSaver.pm", 0x7ffffea30f90, 0) = -1 ENOENT (No such file or directory)
21363 newfstatat(AT_FDCWD, "/opt/packit/packages/perl/5.42.2/lib/perl5//x86_64-linux-thread-multi/SelectSaver.pmc", 0x7ffffea30f90, 0) = -1 ENOENT (No such file or directory)
21363 newfstatat(AT_FDCWD, "/opt/packit/packages/perl/5.42.2/lib/perl5//x86_64-linux-thread-multi/SelectSaver.pm", 0x7ffffea30f90, 0) = -1 ENOENT (No such file or directory)
21363 newfstatat(AT_FDCWD, "/opt/packit/packages/perl/5.42.2/lib/perl5/SelectSaver.pmc", 0x7ffffea30f90, 0) = -1 ENOENT (No such file or directory)
21363 newfstatat(AT_FDCWD, "/opt/packit/packages/perl/5.42.2/lib/perl5/SelectSaver.pm", {st_mode=S_IFREG|0755, st_size=1076, ...}, 0) = 0
21363 openat(AT_FDCWD, "/opt/packit/packages/perl/5.42.2/lib/perl5/SelectSaver.pm", O_RDONLY|O_CLOEXEC) = 6
21363 ioctl(6, TCGETS, 0x7ffffea30d40)  = -1 ENOTTY (Inappropriate ioctl for device)
21363 lseek(6, 0, SEEK_CUR)             = 0
21363 read(6, "package SelectSaver;\n\nour $VERSI"..., 8192) = 1076
21363 read(6, "", 8192)                 = 0
21363 close(6)                          = 0
21363 newfstatat(AT_FDCWD, "/opt/packit/packages/autoconf/2.73/share/autoconf/IO/Seekable.pmc", 0x7ffffea30f90, 0) = -1 ENOENT (No such file or directory)
21363 newfstatat(AT_FDCWD, "/opt/packit/packages/autoconf/2.73/share/autoconf/IO/Seekable.pm", 0x7ffffea30f90, 0) = -1 ENOENT (No such file or directory)
21363 newfstatat(AT_FDCWD, "/opt/packit/lib/perl5/site_perl/5.42/x86_64-linux-thread-multi/IO/Seekable.pmc", 0x7ffffea30f90, 0) = -1 ENOENT (No such file or directory)
21363 newfstatat(AT_FDCWD, "/opt/packit/lib/perl5/site_perl/5.42/x86_64-linux-thread-multi/IO/Seekable.pm", 0x7ffffea30f90, 0) = -1 ENOENT (No such file or directory)
21363 newfstatat(AT_FDCWD, "/opt/packit/lib/perl5/site_perl/5.42/IO/Seekable.pmc", 0x7ffffea30f90, 0) = -1 ENOENT (No such file or directory)
21363 newfstatat(AT_FDCWD, "/opt/packit/lib/perl5/site_perl/5.42/IO/Seekable.pm", 0x7ffffea30f90, 0) = -1 ENOENT (No such file or directory)
21363 newfstatat(AT_FDCWD, "/opt/packit/lib/perl5/vendor_perl/5.42/x86_64-linux-thread-multi/IO/Seekable.pmc", 0x7ffffea30f90, 0) = -1 ENOENT (No such file or directory)
21363 newfstatat(AT_FDCWD, "/opt/packit/lib/perl5/vendor_perl/5.42/x86_64-linux-thread-multi/IO/Seekable.pm", 0x7ffffea30f90, 0) = -1 ENOENT (No such file or directory)
21363 newfstatat(AT_FDCWD, "/opt/packit/lib/perl5/vendor_perl/5.42/IO/Seekable.pmc", 0x7ffffea30f90, 0) = -1 ENOENT (No such file or directory)
21363 newfstatat(AT_FDCWD, "/opt/packit/lib/perl5/vendor_perl/5.42/IO/Seekable.pm", 0x7ffffea30f90, 0) = -1 ENOENT (No such file or directory)
21363 newfstatat(AT_FDCWD, "/opt/packit/packages/perl/5.42.2/lib/perl5//x86_64-linux-thread-multi/IO/Seekable.pmc", 0x7ffffea30f90, 0) = -1 ENOENT (No such file or directory)
21363 newfstatat(AT_FDCWD, "/opt/packit/packages/perl/5.42.2/lib/perl5//x86_64-linux-thread-multi/IO/Seekable.pm", {st_mode=S_IFREG|0755, st_size=2891, ...}, 0) = 0
21363 openat(AT_FDCWD, "/opt/packit/packages/perl/5.42.2/lib/perl5//x86_64-linux-thread-multi/IO/Seekable.pm", O_RDONLY|O_CLOEXEC) = 6
21363 ioctl(6, TCGETS, 0x7ffffea30d40)  = -1 ENOTTY (Inappropriate ioctl for device)
21363 lseek(6, 0, SEEK_CUR)             = 0
21363 read(6, "#\n\npackage IO::Seekable;\n\n=head1"..., 8192) = 2891
21363 newfstatat(AT_FDCWD, "/opt/packit/packages/autoconf/2.73/share/autoconf/IO/Handle.pmc", 0x7ffffea30880, 0) = -1 ENOENT (No such file or directory)
21363 newfstatat(AT_FDCWD, "/opt/packit/packages/autoconf/2.73/share/autoconf/IO/Handle.pm", 0x7ffffea30880, 0) = -1 ENOENT (No such file or directory)
21363 newfstatat(AT_FDCWD, "/opt/packit/lib/perl5/site_perl/5.42/x86_64-linux-thread-multi/IO/Handle.pmc", 0x7ffffea30880, 0) = -1 ENOENT (No such file or directory)
21363 newfstatat(AT_FDCWD, "/opt/packit/lib/perl5/site_perl/5.42/x86_64-linux-thread-multi/IO/Handle.pm", 0x7ffffea30880, 0) = -1 ENOENT (No such file or directory)
21363 newfstatat(AT_FDCWD, "/opt/packit/lib/perl5/site_perl/5.42/IO/Handle.pmc", 0x7ffffea30880, 0) = -1 ENOENT (No such file or directory)
21363 newfstatat(AT_FDCWD, "/opt/packit/lib/perl5/site_perl/5.42/IO/Handle.pm", 0x7ffffea30880, 0) = -1 ENOENT (No such file or directory)
21363 newfstatat(AT_FDCWD, "/opt/packit/lib/perl5/vendor_perl/5.42/x86_64-linux-thread-multi/IO/Handle.pmc", 0x7ffffea30880, 0) = -1 ENOENT (No such file or directory)
21363 newfstatat(AT_FDCWD, "/opt/packit/lib/perl5/vendor_perl/5.42/x86_64-linux-thread-multi/IO/Handle.pm", 0x7ffffea30880, 0) = -1 ENOENT (No such file or directory)
21363 newfstatat(AT_FDCWD, "/opt/packit/lib/perl5/vendor_perl/5.42/IO/Handle.pmc", 0x7ffffea30880, 0) = -1 ENOENT (No such file or directory)
21363 newfstatat(AT_FDCWD, "/opt/packit/lib/perl5/vendor_perl/5.42/IO/Handle.pm", 0x7ffffea30880, 0) = -1 ENOENT (No such file or directory)
21363 newfstatat(AT_FDCWD, "/opt/packit/packages/perl/5.42.2/lib/perl5//x86_64-linux-thread-multi/IO/Handle.pmc", 0x7ffffea30880, 0) = -1 ENOENT (No such file or directory)
21363 newfstatat(AT_FDCWD, "/opt/packit/packages/perl/5.42.2/lib/perl5//x86_64-linux-thread-multi/IO/Handle.pm", {st_mode=S_IFREG|0755, st_size=17127, ...}, 0) = 0
21363 openat(AT_FDCWD, "/opt/packit/packages/perl/5.42.2/lib/perl5//x86_64-linux-thread-multi/IO/Handle.pm", O_RDONLY|O_CLOEXEC) = 7
21363 ioctl(7, TCGETS, 0x7ffffea30630)  = -1 ENOTTY (Inappropriate ioctl for device)
21363 lseek(7, 0, SEEK_CUR)             = 0
21363 read(7, "package IO::Handle;\n\n=head1 NAME"..., 8192) = 8192
21363 read(7, "t in mind. Returns 0 on success,"..., 8192) = 8192
21363 newfstatat(AT_FDCWD, "/opt/packit/packages/autoconf/2.73/share/autoconf/IO.pmc", 0x7ffffea30170, 0) = -1 ENOENT (No such file or directory)
21363 newfstatat(AT_FDCWD, "/opt/packit/packages/autoconf/2.73/share/autoconf/IO.pm", 0x7ffffea30170, 0) = -1 ENOENT (No such file or directory)
21363 newfstatat(AT_FDCWD, "/opt/packit/lib/perl5/site_perl/5.42/x86_64-linux-thread-multi/IO.pmc", 0x7ffffea30170, 0) = -1 ENOENT (No such file or directory)
21363 newfstatat(AT_FDCWD, "/opt/packit/lib/perl5/site_perl/5.42/x86_64-linux-thread-multi/IO.pm", 0x7ffffea30170, 0) = -1 ENOENT (No such file or directory)
21363 newfstatat(AT_FDCWD, "/opt/packit/lib/perl5/site_perl/5.42/IO.pmc", 0x7ffffea30170, 0) = -1 ENOENT (No such file or directory)
21363 newfstatat(AT_FDCWD, "/opt/packit/lib/perl5/site_perl/5.42/IO.pm", 0x7ffffea30170, 0) = -1 ENOENT (No such file or directory)
21363 newfstatat(AT_FDCWD, "/opt/packit/lib/perl5/vendor_perl/5.42/x86_64-linux-thread-multi/IO.pmc", 0x7ffffea30170, 0) = -1 ENOENT (No such file or directory)
21363 newfstatat(AT_FDCWD, "/opt/packit/lib/perl5/vendor_perl/5.42/x86_64-linux-thread-multi/IO.pm", 0x7ffffea30170, 0) = -1 ENOENT (No such file or directory)
21363 newfstatat(AT_FDCWD, "/opt/packit/lib/perl5/vendor_perl/5.42/IO.pmc", 0x7ffffea30170, 0) = -1 ENOENT (No such file or directory)
21363 newfstatat(AT_FDCWD, "/opt/packit/lib/perl5/vendor_perl/5.42/IO.pm", 0x7ffffea30170, 0) = -1 ENOENT (No such file or directory)
21363 newfstatat(AT_FDCWD, "/opt/packit/packages/perl/5.42.2/lib/perl5//x86_64-linux-thread-multi/IO.pmc", 0x7ffffea30170, 0) = -1 ENOENT (No such file or directory)
21363 newfstatat(AT_FDCWD, "/opt/packit/packages/perl/5.42.2/lib/perl5//x86_64-linux-thread-multi/IO.pm", {st_mode=S_IFREG|0755, st_size=1462, ...}, 0) = 0
21363 openat(AT_FDCWD, "/opt/packit/packages/perl/5.42.2/lib/perl5//x86_64-linux-thread-multi/IO.pm", O_RDONLY|O_CLOEXEC) = 8
21363 ioctl(8, TCGETS, 0x7ffffea2ff20)  = -1 ENOTTY (Inappropriate ioctl for device)
21363 lseek(8, 0, SEEK_CUR)             = 0
21363 read(8, "#\n\npackage IO;\n\nuse XSLoader ();"..., 8192) = 1462
21363 brk(0x55c71b57c000)               = 0x55c71b57c000
21363 brk(0x55c71b576000)               = 0x55c71b576000
21363 lseek(8, 468, SEEK_SET)           = 468
21363 lseek(8, 0, SEEK_CUR)             = 468
21363 close(8)                          = 0
21363 newfstatat(AT_FDCWD, "/opt/packit/packages/perl/5.42.2/lib/perl5//x86_64-linux-thread-multi/auto/IO/IO.so", {st_mode=S_IFREG|0755, st_size=26768, ...}, 0) = 0
21363 newfstatat(AT_FDCWD, "/opt/packit/packages/perl/5.42.2/lib/perl5//x86_64-linux-thread-multi/auto/IO/IO.bs", 0x55c71b2624b8, 0) = -1 ENOENT (No such file or directory)
21363 openat(AT_FDCWD, "/opt/packit/packages/perl/5.42.2/lib/perl5//x86_64-linux-thread-multi/auto/IO/IO.so", O_RDONLY|O_CLOEXEC) = 8
21363 read(8, "\177ELF\2\1\1\0\0\0\0\0\0\0\0\0\3\0>\0\1\0\0\0\0\0\0\0\0\0\0\0"..., 832) = 832
21363 fstat(8, {st_mode=S_IFREG|0755, st_size=26768, ...}) = 0
21363 mmap(NULL, 24968, PROT_READ, MAP_PRIVATE|MAP_DENYWRITE, 8, 0) = 0x7fbe87c17000
21363 mmap(0x7fbe87c19000, 8192, PROT_READ|PROT_EXEC, MAP_PRIVATE|MAP_FIXED|MAP_DENYWRITE, 8, 0x2000) = 0x7fbe87c19000
21363 mmap(0x7fbe87c1b000, 4096, PROT_READ, MAP_PRIVATE|MAP_FIXED|MAP_DENYWRITE, 8, 0x4000) = 0x7fbe87c1b000
21363 mmap(0x7fbe87c1c000, 8192, PROT_READ|PROT_WRITE, MAP_PRIVATE|MAP_FIXED|MAP_DENYWRITE, 8, 0x4000) = 0x7fbe87c1c000
21363 close(8)                          = 0
21363 mprotect(0x7fbe87c1c000, 4096, PROT_READ) = 0
21363 brk(0x55c71b597000)               = 0x55c71b597000
21363 read(7, "only constants at that time\n# an"..., 8192) = 743
21363 read(7, "", 8192)                 = 0
21363 close(7)                          = 0
21363 getuid()                          = 1000
21363 geteuid()                         = 1000
21363 getgid()                          = 1000
21363 getegid()                         = 1000
21363 newfstatat(AT_FDCWD, "/opt/packit/packages/autoconf/2.73/share/autoconf/Fcntl.pmc", 0x7ffffea30880, 0) = -1 ENOENT (No such file or directory)
21363 newfstatat(AT_FDCWD, "/opt/packit/packages/autoconf/2.73/share/autoconf/Fcntl.pm", 0x7ffffea30880, 0) = -1 ENOENT (No such file or directory)
21363 newfstatat(AT_FDCWD, "/opt/packit/lib/perl5/site_perl/5.42/x86_64-linux-thread-multi/Fcntl.pmc", 0x7ffffea30880, 0) = -1 ENOENT (No such file or directory)
21363 newfstatat(AT_FDCWD, "/opt/packit/lib/perl5/site_perl/5.42/x86_64-linux-thread-multi/Fcntl.pm", 0x7ffffea30880, 0) = -1 ENOENT (No such file or directory)
21363 newfstatat(AT_FDCWD, "/opt/packit/lib/perl5/site_perl/5.42/Fcntl.pmc", 0x7ffffea30880, 0) = -1 ENOENT (No such file or directory)
21363 newfstatat(AT_FDCWD, "/opt/packit/lib/perl5/site_perl/5.42/Fcntl.pm", 0x7ffffea30880, 0) = -1 ENOENT (No such file or directory)
21363 newfstatat(AT_FDCWD, "/opt/packit/lib/perl5/vendor_perl/5.42/x86_64-linux-thread-multi/Fcntl.pmc", 0x7ffffea30880, 0) = -1 ENOENT (No such file or directory)
21363 newfstatat(AT_FDCWD, "/opt/packit/lib/perl5/vendor_perl/5.42/x86_64-linux-thread-multi/Fcntl.pm", 0x7ffffea30880, 0) = -1 ENOENT (No such file or directory)
21363 newfstatat(AT_FDCWD, "/opt/packit/lib/perl5/vendor_perl/5.42/Fcntl.pmc", 0x7ffffea30880, 0) = -1 ENOENT (No such file or directory)
21363 newfstatat(AT_FDCWD, "/opt/packit/lib/perl5/vendor_perl/5.42/Fcntl.pm", 0x7ffffea30880, 0) = -1 ENOENT (No such file or directory)
21363 newfstatat(AT_FDCWD, "/opt/packit/packages/perl/5.42.2/lib/perl5//x86_64-linux-thread-multi/Fcntl.pmc", 0x7ffffea30880, 0) = -1 ENOENT (No such file or directory)
21363 newfstatat(AT_FDCWD, "/opt/packit/packages/perl/5.42.2/lib/perl5//x86_64-linux-thread-multi/Fcntl.pm", {st_mode=S_IFREG|0755, st_size=19059, ...}, 0) = 0
21363 openat(AT_FDCWD, "/opt/packit/packages/perl/5.42.2/lib/perl5//x86_64-linux-thread-multi/Fcntl.pm", O_RDONLY|O_CLOEXEC) = 7
21363 ioctl(7, TCGETS, 0x7ffffea30630)  = -1 ENOTTY (Inappropriate ioctl for device)
21363 lseek(7, 0, SEEK_CUR)             = 0
21363 read(7, "package Fcntl;\n\nuse strict;\n\nuse"..., 8192) = 8192
21363 lseek(7, 2217, SEEK_SET)          = 2217
21363 lseek(7, 0, SEEK_CUR)             = 2217
21363 close(7)                          = 0
21363 newfstatat(AT_FDCWD, "/opt/packit/packages/perl/5.42.2/lib/perl5//x86_64-linux-thread-multi/auto/Fcntl/Fcntl.so", {st_mode=S_IFREG|0755, st_size=25264, ...}, 0) = 0
21363 newfstatat(AT_FDCWD, "/opt/packit/packages/perl/5.42.2/lib/perl5//x86_64-linux-thread-multi/auto/Fcntl/Fcntl.bs", 0x55c71b2624b8, 0) = -1 ENOENT (No such file or directory)
21363 openat(AT_FDCWD, "/opt/packit/packages/perl/5.42.2/lib/perl5//x86_64-linux-thread-multi/auto/Fcntl/Fcntl.so", O_RDONLY|O_CLOEXEC) = 7
21363 read(7, "\177ELF\2\1\1\0\0\0\0\0\0\0\0\0\3\0>\0\1\0\0\0\0\0\0\0\0\0\0\0"..., 832) = 832
21363 fstat(7, {st_mode=S_IFREG|0755, st_size=25264, ...}) = 0
21363 mmap(NULL, 20712, PROT_READ, MAP_PRIVATE|MAP_DENYWRITE, 7, 0) = 0x7fbe87d4d000
21363 mmap(0x7fbe87d4f000, 4096, PROT_READ|PROT_EXEC, MAP_PRIVATE|MAP_FIXED|MAP_DENYWRITE, 7, 0x2000) = 0x7fbe87d4f000
21363 mmap(0x7fbe87d50000, 4096, PROT_READ, MAP_PRIVATE|MAP_FIXED|MAP_DENYWRITE, 7, 0x3000) = 0x7fbe87d50000
21363 mmap(0x7fbe87d51000, 8192, PROT_READ|PROT_WRITE, MAP_PRIVATE|MAP_FIXED|MAP_DENYWRITE, 7, 0x4000) = 0x7fbe87d51000
21363 close(7)                          = 0
21363 mprotect(0x7fbe87d51000, 4096, PROT_READ) = 0
21363 read(6, "", 8192)                 = 0
21363 close(6)                          = 0
21363 getuid()                          = 1000
21363 geteuid()                         = 1000
21363 getgid()                          = 1000
21363 getegid()                         = 1000
21363 brk(0x55c71b5b8000)               = 0x55c71b5b8000
21363 read(5, "", 8192)                 = 0
21363 close(5)                          = 0
21363 getuid()                          = 1000
21363 geteuid()                         = 1000
21363 getgid()                          = 1000
21363 getegid()                         = 1000
21363 newfstatat(AT_FDCWD, "/opt/packit/packages/autoconf/2.73/share/autoconf/File/Spec.pmc", 0x7ffffea316a0, 0) = -1 ENOENT (No such file or directory)
21363 newfstatat(AT_FDCWD, "/opt/packit/packages/autoconf/2.73/share/autoconf/File/Spec.pm", 0x7ffffea316a0, 0) = -1 ENOENT (No such file or directory)
21363 newfstatat(AT_FDCWD, "/opt/packit/lib/perl5/site_perl/5.42/x86_64-linux-thread-multi/File/Spec.pmc", 0x7ffffea316a0, 0) = -1 ENOENT (No such file or directory)
21363 newfstatat(AT_FDCWD, "/opt/packit/lib/perl5/site_perl/5.42/x86_64-linux-thread-multi/File/Spec.pm", 0x7ffffea316a0, 0) = -1 ENOENT (No such file or directory)
21363 newfstatat(AT_FDCWD, "/opt/packit/lib/perl5/site_perl/5.42/File/Spec.pmc", 0x7ffffea316a0, 0) = -1 ENOENT (No such file or directory)
21363 newfstatat(AT_FDCWD, "/opt/packit/lib/perl5/site_perl/5.42/File/Spec.pm", 0x7ffffea316a0, 0) = -1 ENOENT (No such file or directory)
21363 newfstatat(AT_FDCWD, "/opt/packit/lib/perl5/vendor_perl/5.42/x86_64-linux-thread-multi/File/Spec.pmc", 0x7ffffea316a0, 0) = -1 ENOENT (No such file or directory)
21363 newfstatat(AT_FDCWD, "/opt/packit/lib/perl5/vendor_perl/5.42/x86_64-linux-thread-multi/File/Spec.pm", 0x7ffffea316a0, 0) = -1 ENOENT (No such file or directory)
21363 newfstatat(AT_FDCWD, "/opt/packit/lib/perl5/vendor_perl/5.42/File/Spec.pmc", 0x7ffffea316a0, 0) = -1 ENOENT (No such file or directory)
21363 newfstatat(AT_FDCWD, "/opt/packit/lib/perl5/vendor_perl/5.42/File/Spec.pm", 0x7ffffea316a0, 0) = -1 ENOENT (No such file or directory)
21363 newfstatat(AT_FDCWD, "/opt/packit/packages/perl/5.42.2/lib/perl5//x86_64-linux-thread-multi/File/Spec.pmc", 0x7ffffea316a0, 0) = -1 ENOENT (No such file or directory)
21363 newfstatat(AT_FDCWD, "/opt/packit/packages/perl/5.42.2/lib/perl5//x86_64-linux-thread-multi/File/Spec.pm", {st_mode=S_IFREG|0755, st_size=10657, ...}, 0) = 0
21363 openat(AT_FDCWD, "/opt/packit/packages/perl/5.42.2/lib/perl5//x86_64-linux-thread-multi/File/Spec.pm", O_RDONLY|O_CLOEXEC) = 5
21363 ioctl(5, TCGETS, 0x7ffffea31450)  = -1 ENOTTY (Inappropriate ioctl for device)
21363 lseek(5, 0, SEEK_CUR)             = 0
21363 read(5, "package File::Spec;\n\nuse strict;"..., 8192) = 8192
21363 lseek(5, 643, SEEK_SET)           = 643
21363 lseek(5, 0, SEEK_CUR)             = 643
21363 close(5)                          = 0
21363 newfstatat(AT_FDCWD, "/opt/packit/packages/autoconf/2.73/share/autoconf/File/Spec/Unix.pmc", 0x7ffffea316a0, 0) = -1 ENOENT (No such file or directory)
21363 newfstatat(AT_FDCWD, "/opt/packit/packages/autoconf/2.73/share/autoconf/File/Spec/Unix.pm", 0x7ffffea316a0, 0) = -1 ENOENT (No such file or directory)
21363 newfstatat(AT_FDCWD, "/opt/packit/lib/perl5/site_perl/5.42/x86_64-linux-thread-multi/File/Spec/Unix.pmc", 0x7ffffea316a0, 0) = -1 ENOENT (No such file or directory)
21363 newfstatat(AT_FDCWD, "/opt/packit/lib/perl5/site_perl/5.42/x86_64-linux-thread-multi/File/Spec/Unix.pm", 0x7ffffea316a0, 0) = -1 ENOENT (No such file or directory)
21363 newfstatat(AT_FDCWD, "/opt/packit/lib/perl5/site_perl/5.42/File/Spec/Unix.pmc", 0x7ffffea316a0, 0) = -1 ENOENT (No such file or directory)
21363 newfstatat(AT_FDCWD, "/opt/packit/lib/perl5/site_perl/5.42/File/Spec/Unix.pm", 0x7ffffea316a0, 0) = -1 ENOENT (No such file or directory)
21363 newfstatat(AT_FDCWD, "/opt/packit/lib/perl5/vendor_perl/5.42/x86_64-linux-thread-multi/File/Spec/Unix.pmc", 0x7ffffea316a0, 0) = -1 ENOENT (No such file or directory)
21363 newfstatat(AT_FDCWD, "/opt/packit/lib/perl5/vendor_perl/5.42/x86_64-linux-thread-multi/File/Spec/Unix.pm", 0x7ffffea316a0, 0) = -1 ENOENT (No such file or directory)
21363 newfstatat(AT_FDCWD, "/opt/packit/lib/perl5/vendor_perl/5.42/File/Spec/Unix.pmc", 0x7ffffea316a0, 0) = -1 ENOENT (No such file or directory)
21363 newfstatat(AT_FDCWD, "/opt/packit/lib/perl5/vendor_perl/5.42/File/Spec/Unix.pm", 0x7ffffea316a0, 0) = -1 ENOENT (No such file or directory)
21363 newfstatat(AT_FDCWD, "/opt/packit/packages/perl/5.42.2/lib/perl5//x86_64-linux-thread-multi/File/Spec/Unix.pmc", 0x7ffffea316a0, 0) = -1 ENOENT (No such file or directory)
21363 newfstatat(AT_FDCWD, "/opt/packit/packages/perl/5.42.2/lib/perl5//x86_64-linux-thread-multi/File/Spec/Unix.pm", {st_mode=S_IFREG|0755, st_size=15904, ...}, 0) = 0
21363 openat(AT_FDCWD, "/opt/packit/packages/perl/5.42.2/lib/perl5//x86_64-linux-thread-multi/File/Spec/Unix.pm", O_RDONLY|O_CLOEXEC) = 5
21363 ioctl(5, TCGETS, 0x7ffffea31450)  = -1 ENOTTY (Inappropriate ioctl for device)
21363 lseek(5, 0, SEEK_CUR)             = 0
21363 read(5, "package File::Spec::Unix;\n\nuse s"..., 8192) = 8192
21363 newfstatat(AT_FDCWD, "/opt/packit/packages/autoconf/2.73/share/autoconf/Cwd.pmc", 0x7ffffea30f90, 0) = -1 ENOENT (No such file or directory)
21363 newfstatat(AT_FDCWD, "/opt/packit/packages/autoconf/2.73/share/autoconf/Cwd.pm", 0x7ffffea30f90, 0) = -1 ENOENT (No such file or directory)
21363 newfstatat(AT_FDCWD, "/opt/packit/lib/perl5/site_perl/5.42/x86_64-linux-thread-multi/Cwd.pmc", 0x7ffffea30f90, 0) = -1 ENOENT (No such file or directory)
21363 newfstatat(AT_FDCWD, "/opt/packit/lib/perl5/site_perl/5.42/x86_64-linux-thread-multi/Cwd.pm", 0x7ffffea30f90, 0) = -1 ENOENT (No such file or directory)
21363 newfstatat(AT_FDCWD, "/opt/packit/lib/perl5/site_perl/5.42/Cwd.pmc", 0x7ffffea30f90, 0) = -1 ENOENT (No such file or directory)
21363 newfstatat(AT_FDCWD, "/opt/packit/lib/perl5/site_perl/5.42/Cwd.pm", 0x7ffffea30f90, 0) = -1 ENOENT (No such file or directory)
21363 newfstatat(AT_FDCWD, "/opt/packit/lib/perl5/vendor_perl/5.42/x86_64-linux-thread-multi/Cwd.pmc", 0x7ffffea30f90, 0) = -1 ENOENT (No such file or directory)
21363 newfstatat(AT_FDCWD, "/opt/packit/lib/perl5/vendor_perl/5.42/x86_64-linux-thread-multi/Cwd.pm", 0x7ffffea30f90, 0) = -1 ENOENT (No such file or directory)
21363 newfstatat(AT_FDCWD, "/opt/packit/lib/perl5/vendor_perl/5.42/Cwd.pmc", 0x7ffffea30f90, 0) = -1 ENOENT (No such file or directory)
21363 newfstatat(AT_FDCWD, "/opt/packit/lib/perl5/vendor_perl/5.42/Cwd.pm", 0x7ffffea30f90, 0) = -1 ENOENT (No such file or directory)
21363 newfstatat(AT_FDCWD, "/opt/packit/packages/perl/5.42.2/lib/perl5//x86_64-linux-thread-multi/Cwd.pmc", 0x7ffffea30f90, 0) = -1 ENOENT (No such file or directory)
21363 newfstatat(AT_FDCWD, "/opt/packit/packages/perl/5.42.2/lib/perl5//x86_64-linux-thread-multi/Cwd.pm", {st_mode=S_IFREG|0755, st_size=21615, ...}, 0) = 0
21363 openat(AT_FDCWD, "/opt/packit/packages/perl/5.42.2/lib/perl5//x86_64-linux-thread-multi/Cwd.pm", O_RDONLY|O_CLOEXEC) = 6
21363 ioctl(6, TCGETS, 0x7ffffea30d40)  = -1 ENOTTY (Inappropriate ioctl for device)
21363 lseek(6, 0, SEEK_CUR)             = 0
21363 read(6, "package Cwd;\nuse strict;\nuse Exp"..., 8192) = 8192
21363 brk(0x55c71b5d9000)               = 0x55c71b5d9000
21363 read(6, "\n\n# Keeps track of current worki"..., 8192) = 8192
21363 brk(0x55c71b5fc000)               = 0x55c71b5fc000
21363 read(6, "@_ ? shift : '.';\n    local *REA"..., 8192) = 5231
21363 lseek(6, 17363, SEEK_SET)         = 17363
21363 lseek(6, 0, SEEK_CUR)             = 17363
21363 close(6)                          = 0
21363 getuid()                          = 1000
21363 geteuid()                         = 1000
21363 getgid()                          = 1000
21363 getegid()                         = 1000
21363 newfstatat(AT_FDCWD, "/opt/packit/packages/perl/5.42.2/lib/perl5//x86_64-linux-thread-multi/auto/Cwd/Cwd.so", {st_mode=S_IFREG|0755, st_size=21968, ...}, 0) = 0
21363 newfstatat(AT_FDCWD, "/opt/packit/packages/perl/5.42.2/lib/perl5//x86_64-linux-thread-multi/auto/Cwd/Cwd.bs", 0x55c71b2624b8, 0) = -1 ENOENT (No such file or directory)
21363 openat(AT_FDCWD, "/opt/packit/packages/perl/5.42.2/lib/perl5//x86_64-linux-thread-multi/auto/Cwd/Cwd.so", O_RDONLY|O_CLOEXEC) = 6
21363 read(6, "\177ELF\2\1\1\0\0\0\0\0\0\0\0\0\3\0>\0\1\0\0\0\0\0\0\0\0\0\0\0"..., 832) = 832
21363 fstat(6, {st_mode=S_IFREG|0755, st_size=21968, ...}) = 0
21363 mmap(NULL, 20792, PROT_READ, MAP_PRIVATE|MAP_DENYWRITE, 6, 0) = 0x7fbe87c11000
21363 mmap(0x7fbe87c12000, 8192, PROT_READ|PROT_EXEC, MAP_PRIVATE|MAP_FIXED|MAP_DENYWRITE, 6, 0x1000) = 0x7fbe87c12000
21363 mmap(0x7fbe87c14000, 4096, PROT_READ, MAP_PRIVATE|MAP_FIXED|MAP_DENYWRITE, 6, 0x3000) = 0x7fbe87c14000
21363 mmap(0x7fbe87c15000, 8192, PROT_READ|PROT_WRITE, MAP_PRIVATE|MAP_FIXED|MAP_DENYWRITE, 6, 0x3000) = 0x7fbe87c15000
21363 close(6)                          = 0
21363 mprotect(0x7fbe87c15000, 4096, PROT_READ) = 0
21363 newfstatat(AT_FDCWD, "/bin/pwd", {st_mode=S_IFREG|0755, st_size=35336, ...}, 0) = 0
21363 geteuid()                         = 1000
21363 geteuid()                         = 1000
21363 getegid()                         = 1000
21363 getgroups(0, NULL)                = 9
21363 getgroups(9, [4, 24, 27, 30, 46, 100, 105, 125, 1000]) = 9
21363 read(5, " return ($volume,$directory,$fil"..., 8192) = 7712
21363 brk(0x55c71b61d000)               = 0x55c71b61d000
21363 read(5, "", 8192)                 = 0
21363 close(5)                          = 0
21363 getuid()                          = 1000
21363 geteuid()                         = 1000
21363 getgid()                          = 1000
21363 getegid()                         = 1000
21363 newfstatat(AT_FDCWD, "/opt/packit/packages/autoconf/2.73/share/autoconf/File/Compare.pmc", 0x7ffffea316a0, 0) = -1 ENOENT (No such file or directory)
21363 newfstatat(AT_FDCWD, "/opt/packit/packages/autoconf/2.73/share/autoconf/File/Compare.pm", 0x7ffffea316a0, 0) = -1 ENOENT (No such file or directory)
21363 newfstatat(AT_FDCWD, "/opt/packit/lib/perl5/site_perl/5.42/x86_64-linux-thread-multi/File/Compare.pmc", 0x7ffffea316a0, 0) = -1 ENOENT (No such file or directory)
21363 newfstatat(AT_FDCWD, "/opt/packit/lib/perl5/site_perl/5.42/x86_64-linux-thread-multi/File/Compare.pm", 0x7ffffea316a0, 0) = -1 ENOENT (No such file or directory)
21363 newfstatat(AT_FDCWD, "/opt/packit/lib/perl5/site_perl/5.42/File/Compare.pmc", 0x7ffffea316a0, 0) = -1 ENOENT (No such file or directory)
21363 newfstatat(AT_FDCWD, "/opt/packit/lib/perl5/site_perl/5.42/File/Compare.pm", 0x7ffffea316a0, 0) = -1 ENOENT (No such file or directory)
21363 newfstatat(AT_FDCWD, "/opt/packit/lib/perl5/vendor_perl/5.42/x86_64-linux-thread-multi/File/Compare.pmc", 0x7ffffea316a0, 0) = -1 ENOENT (No such file or directory)
21363 newfstatat(AT_FDCWD, "/opt/packit/lib/perl5/vendor_perl/5.42/x86_64-linux-thread-multi/File/Compare.pm", 0x7ffffea316a0, 0) = -1 ENOENT (No such file or directory)
21363 newfstatat(AT_FDCWD, "/opt/packit/lib/perl5/vendor_perl/5.42/File/Compare.pmc", 0x7ffffea316a0, 0) = -1 ENOENT (No such file or directory)
21363 newfstatat(AT_FDCWD, "/opt/packit/lib/perl5/vendor_perl/5.42/File/Compare.pm", 0x7ffffea316a0, 0) = -1 ENOENT (No such file or directory)
21363 newfstatat(AT_FDCWD, "/opt/packit/packages/perl/5.42.2/lib/perl5//x86_64-linux-thread-multi/File/Compare.pmc", 0x7ffffea316a0, 0) = -1 ENOENT (No such file or directory)
21363 newfstatat(AT_FDCWD, "/opt/packit/packages/perl/5.42.2/lib/perl5//x86_64-linux-thread-multi/File/Compare.pm", 0x7ffffea316a0, 0) = -1 ENOENT (No such file or directory)
21363 newfstatat(AT_FDCWD, "/opt/packit/packages/perl/5.42.2/lib/perl5/File/Compare.pmc", 0x7ffffea316a0, 0) = -1 ENOENT (No such file or directory)
21363 newfstatat(AT_FDCWD, "/opt/packit/packages/perl/5.42.2/lib/perl5/File/Compare.pm", {st_mode=S_IFREG|0755, st_size=4278, ...}, 0) = 0
21363 openat(AT_FDCWD, "/opt/packit/packages/perl/5.42.2/lib/perl5/File/Compare.pm", O_RDONLY|O_CLOEXEC) = 5
21363 ioctl(5, TCGETS, 0x7ffffea31450)  = -1 ENOTTY (Inappropriate ioctl for device)
21363 lseek(5, 0, SEEK_CUR)             = 0
21363 read(5, "package File::Compare 1.1008;\n\nu"..., 8192) = 4278
21363 brk(0x55c71b63e000)               = 0x55c71b63e000
21363 lseek(5, 3061, SEEK_SET)          = 3061
21363 lseek(5, 0, SEEK_CUR)             = 3061
21363 close(5)                          = 0
21363 newfstatat(AT_FDCWD, "/opt/packit/packages/autoconf/2.73/share/autoconf/File/Copy.pmc", 0x7ffffea316a0, 0) = -1 ENOENT (No such file or directory)
21363 newfstatat(AT_FDCWD, "/opt/packit/packages/autoconf/2.73/share/autoconf/File/Copy.pm", 0x7ffffea316a0, 0) = -1 ENOENT (No such file or directory)
21363 newfstatat(AT_FDCWD, "/opt/packit/lib/perl5/site_perl/5.42/x86_64-linux-thread-multi/File/Copy.pmc", 0x7ffffea316a0, 0) = -1 ENOENT (No such file or directory)
21363 newfstatat(AT_FDCWD, "/opt/packit/lib/perl5/site_perl/5.42/x86_64-linux-thread-multi/File/Copy.pm", 0x7ffffea316a0, 0) = -1 ENOENT (No such file or directory)
21363 newfstatat(AT_FDCWD, "/opt/packit/lib/perl5/site_perl/5.42/File/Copy.pmc", 0x7ffffea316a0, 0) = -1 ENOENT (No such file or directory)
21363 newfstatat(AT_FDCWD, "/opt/packit/lib/perl5/site_perl/5.42/File/Copy.pm", 0x7ffffea316a0, 0) = -1 ENOENT (No such file or directory)
21363 newfstatat(AT_FDCWD, "/opt/packit/lib/perl5/vendor_perl/5.42/x86_64-linux-thread-multi/File/Copy.pmc", 0x7ffffea316a0, 0) = -1 ENOENT (No such file or directory)
21363 newfstatat(AT_FDCWD, "/opt/packit/lib/perl5/vendor_perl/5.42/x86_64-linux-thread-multi/File/Copy.pm", 0x7ffffea316a0, 0) = -1 ENOENT (No such file or directory)
21363 newfstatat(AT_FDCWD, "/opt/packit/lib/perl5/vendor_perl/5.42/File/Copy.pmc", 0x7ffffea316a0, 0) = -1 ENOENT (No such file or directory)
21363 newfstatat(AT_FDCWD, "/opt/packit/lib/perl5/vendor_perl/5.42/File/Copy.pm", 0x7ffffea316a0, 0) = -1 ENOENT (No such file or directory)
21363 newfstatat(AT_FDCWD, "/opt/packit/packages/perl/5.42.2/lib/perl5//x86_64-linux-thread-multi/File/Copy.pmc", 0x7ffffea316a0, 0) = -1 ENOENT (No such file or directory)
21363 newfstatat(AT_FDCWD, "/opt/packit/packages/perl/5.42.2/lib/perl5//x86_64-linux-thread-multi/File/Copy.pm", 0x7ffffea316a0, 0) = -1 ENOENT (No such file or directory)
21363 newfstatat(AT_FDCWD, "/opt/packit/packages/perl/5.42.2/lib/perl5/File/Copy.pmc", 0x7ffffea316a0, 0) = -1 ENOENT (No such file or directory)
21363 newfstatat(AT_FDCWD, "/opt/packit/packages/perl/5.42.2/lib/perl5/File/Copy.pm", {st_mode=S_IFREG|0755, st_size=16176, ...}, 0) = 0
21363 openat(AT_FDCWD, "/opt/packit/packages/perl/5.42.2/lib/perl5/File/Copy.pm", O_RDONLY|O_CLOEXEC) = 5
21363 ioctl(5, TCGETS, 0x7ffffea31450)  = -1 ENOTTY (Inappropriate ioctl for device)
21363 lseek(5, 0, SEEK_CUR)             = 0
21363 read(5, "# File/Copy.pm. Written in 1994 "..., 8192) = 8192
21363 newfstatat(AT_FDCWD, "/opt/packit/packages/autoconf/2.73/share/autoconf/builtin.pmc", 0x7ffffea30f90, 0) = -1 ENOENT (No such file or directory)
21363 newfstatat(AT_FDCWD, "/opt/packit/packages/autoconf/2.73/share/autoconf/builtin.pm", 0x7ffffea30f90, 0) = -1 ENOENT (No such file or directory)
21363 newfstatat(AT_FDCWD, "/opt/packit/lib/perl5/site_perl/5.42/x86_64-linux-thread-multi/builtin.pmc", 0x7ffffea30f90, 0) = -1 ENOENT (No such file or directory)
21363 newfstatat(AT_FDCWD, "/opt/packit/lib/perl5/site_perl/5.42/x86_64-linux-thread-multi/builtin.pm", 0x7ffffea30f90, 0) = -1 ENOENT (No such file or directory)
21363 newfstatat(AT_FDCWD, "/opt/packit/lib/perl5/site_perl/5.42/builtin.pmc", 0x7ffffea30f90, 0) = -1 ENOENT (No such file or directory)
21363 newfstatat(AT_FDCWD, "/opt/packit/lib/perl5/site_perl/5.42/builtin.pm", 0x7ffffea30f90, 0) = -1 ENOENT (No such file or directory)
21363 newfstatat(AT_FDCWD, "/opt/packit/lib/perl5/vendor_perl/5.42/x86_64-linux-thread-multi/builtin.pmc", 0x7ffffea30f90, 0) = -1 ENOENT (No such file or directory)
21363 newfstatat(AT_FDCWD, "/opt/packit/lib/perl5/vendor_perl/5.42/x86_64-linux-thread-multi/builtin.pm", 0x7ffffea30f90, 0) = -1 ENOENT (No such file or directory)
21363 newfstatat(AT_FDCWD, "/opt/packit/lib/perl5/vendor_perl/5.42/builtin.pmc", 0x7ffffea30f90, 0) = -1 ENOENT (No such file or directory)
21363 newfstatat(AT_FDCWD, "/opt/packit/lib/perl5/vendor_perl/5.42/builtin.pm", 0x7ffffea30f90, 0) = -1 ENOENT (No such file or directory)
21363 newfstatat(AT_FDCWD, "/opt/packit/packages/perl/5.42.2/lib/perl5//x86_64-linux-thread-multi/builtin.pmc", 0x7ffffea30f90, 0) = -1 ENOENT (No such file or directory)
21363 newfstatat(AT_FDCWD, "/opt/packit/packages/perl/5.42.2/lib/perl5//x86_64-linux-thread-multi/builtin.pm", 0x7ffffea30f90, 0) = -1 ENOENT (No such file or directory)
21363 newfstatat(AT_FDCWD, "/opt/packit/packages/perl/5.42.2/lib/perl5/builtin.pmc", 0x7ffffea30f90, 0) = -1 ENOENT (No such file or directory)
21363 newfstatat(AT_FDCWD, "/opt/packit/packages/perl/5.42.2/lib/perl5/builtin.pm", {st_mode=S_IFREG|0755, st_size=15876, ...}, 0) = 0
21363 openat(AT_FDCWD, "/opt/packit/packages/perl/5.42.2/lib/perl5/builtin.pm", O_RDONLY|O_CLOEXEC) = 6
21363 ioctl(6, TCGETS, 0x7ffffea30d40)  = -1 ENOTTY (Inappropriate ioctl for device)
21363 lseek(6, 0, SEEK_CUR)             = 0
21363 read(6, "package builtin 0.019;\n\nuse v5.4"..., 8192) = 8192
21363 lseek(6, 191, SEEK_SET)           = 191
21363 lseek(6, 0, SEEK_CUR)             = 191
21363 close(6)                          = 0
21363 newfstatat(AT_FDCWD, "/opt/packit/packages/autoconf/2.73/share/autoconf/overload.pmc", 0x7ffffea30f90, 0) = -1 ENOENT (No such file or directory)
21363 newfstatat(AT_FDCWD, "/opt/packit/packages/autoconf/2.73/share/autoconf/overload.pm", 0x7ffffea30f90, 0) = -1 ENOENT (No such file or directory)
21363 newfstatat(AT_FDCWD, "/opt/packit/lib/perl5/site_perl/5.42/x86_64-linux-thread-multi/overload.pmc", 0x7ffffea30f90, 0) = -1 ENOENT (No such file or directory)
21363 newfstatat(AT_FDCWD, "/opt/packit/lib/perl5/site_perl/5.42/x86_64-linux-thread-multi/overload.pm", 0x7ffffea30f90, 0) = -1 ENOENT (No such file or directory)
21363 newfstatat(AT_FDCWD, "/opt/packit/lib/perl5/site_perl/5.42/overload.pmc", 0x7ffffea30f90, 0) = -1 ENOENT (No such file or directory)
21363 newfstatat(AT_FDCWD, "/opt/packit/lib/perl5/site_perl/5.42/overload.pm", 0x7ffffea30f90, 0) = -1 ENOENT (No such file or directory)
21363 newfstatat(AT_FDCWD, "/opt/packit/lib/perl5/vendor_perl/5.42/x86_64-linux-thread-multi/overload.pmc", 0x7ffffea30f90, 0) = -1 ENOENT (No such file or directory)
21363 newfstatat(AT_FDCWD, "/opt/packit/lib/perl5/vendor_perl/5.42/x86_64-linux-thread-multi/overload.pm", 0x7ffffea30f90, 0) = -1 ENOENT (No such file or directory)
21363 newfstatat(AT_FDCWD, "/opt/packit/lib/perl5/vendor_perl/5.42/overload.pmc", 0x7ffffea30f90, 0) = -1 ENOENT (No such file or directory)
21363 newfstatat(AT_FDCWD, "/opt/packit/lib/perl5/vendor_perl/5.42/overload.pm", 0x7ffffea30f90, 0) = -1 ENOENT (No such file or directory)
21363 newfstatat(AT_FDCWD, "/opt/packit/packages/perl/5.42.2/lib/perl5//x86_64-linux-thread-multi/overload.pmc", 0x7ffffea30f90, 0) = -1 ENOENT (No such file or directory)
21363 newfstatat(AT_FDCWD, "/opt/packit/packages/perl/5.42.2/lib/perl5//x86_64-linux-thread-multi/overload.pm", 0x7ffffea30f90, 0) = -1 ENOENT (No such file or directory)
21363 newfstatat(AT_FDCWD, "/opt/packit/packages/perl/5.42.2/lib/perl5/overload.pmc", 0x7ffffea30f90, 0) = -1 ENOENT (No such file or directory)
21363 newfstatat(AT_FDCWD, "/opt/packit/packages/perl/5.42.2/lib/perl5/overload.pm", {st_mode=S_IFREG|0755, st_size=54723, ...}, 0) = 0
21363 openat(AT_FDCWD, "/opt/packit/packages/perl/5.42.2/lib/perl5/overload.pm", O_RDONLY|O_CLOEXEC) = 6
21363 ioctl(6, TCGETS, 0x7ffffea30d40)  = -1 ENOTTY (Inappropriate ioctl for device)
21363 lseek(6, 0, SEEK_CUR)             = 0
21363 read(6, "package overload;\n\nuse strict;\nn"..., 8192) = 8192
21363 brk(0x55c71b65f000)               = 0x55c71b65f000
21363 lseek(6, 4826, SEEK_SET)          = 4826
21363 lseek(6, 0, SEEK_CUR)             = 4826
21363 close(6)                          = 0
21363 newfstatat(AT_FDCWD, "/opt/packit/packages/autoconf/2.73/share/autoconf/Config.pmc", 0x7ffffea30f90, 0) = -1 ENOENT (No such file or directory)
21363 newfstatat(AT_FDCWD, "/opt/packit/packages/autoconf/2.73/share/autoconf/Config.pm", 0x7ffffea30f90, 0) = -1 ENOENT (No such file or directory)
21363 newfstatat(AT_FDCWD, "/opt/packit/lib/perl5/site_perl/5.42/x86_64-linux-thread-multi/Config.pmc", 0x7ffffea30f90, 0) = -1 ENOENT (No such file or directory)
21363 newfstatat(AT_FDCWD, "/opt/packit/lib/perl5/site_perl/5.42/x86_64-linux-thread-multi/Config.pm", 0x7ffffea30f90, 0) = -1 ENOENT (No such file or directory)
21363 newfstatat(AT_FDCWD, "/opt/packit/lib/perl5/site_perl/5.42/Config.pmc", 0x7ffffea30f90, 0) = -1 ENOENT (No such file or directory)
21363 newfstatat(AT_FDCWD, "/opt/packit/lib/perl5/site_perl/5.42/Config.pm", 0x7ffffea30f90, 0) = -1 ENOENT (No such file or directory)
21363 newfstatat(AT_FDCWD, "/opt/packit/lib/perl5/vendor_perl/5.42/x86_64-linux-thread-multi/Config.pmc", 0x7ffffea30f90, 0) = -1 ENOENT (No such file or directory)
21363 newfstatat(AT_FDCWD, "/opt/packit/lib/perl5/vendor_perl/5.42/x86_64-linux-thread-multi/Config.pm", 0x7ffffea30f90, 0) = -1 ENOENT (No such file or directory)
21363 newfstatat(AT_FDCWD, "/opt/packit/lib/perl5/vendor_perl/5.42/Config.pmc", 0x7ffffea30f90, 0) = -1 ENOENT (No such file or directory)
21363 newfstatat(AT_FDCWD, "/opt/packit/lib/perl5/vendor_perl/5.42/Config.pm", 0x7ffffea30f90, 0) = -1 ENOENT (No such file or directory)
21363 newfstatat(AT_FDCWD, "/opt/packit/packages/perl/5.42.2/lib/perl5//x86_64-linux-thread-multi/Config.pmc", 0x7ffffea30f90, 0) = -1 ENOENT (No such file or directory)
21363 newfstatat(AT_FDCWD, "/opt/packit/packages/perl/5.42.2/lib/perl5//x86_64-linux-thread-multi/Config.pm", {st_mode=S_IFREG|0755, st_size=3358, ...}, 0) = 0
21363 openat(AT_FDCWD, "/opt/packit/packages/perl/5.42.2/lib/perl5//x86_64-linux-thread-multi/Config.pm", O_RDONLY|O_CLOEXEC) = 6
21363 ioctl(6, TCGETS, 0x7ffffea30d40)  = -1 ENOTTY (Inappropriate ioctl for device)
21363 lseek(6, 0, SEEK_CUR)             = 0
21363 read(6, "# This file was created by confi"..., 8192) = 3358
21363 read(6, "", 8192)                 = 0
21363 close(6)                          = 0
21363 brk(0x55c71b680000)               = 0x55c71b680000
21363 brk(0x55c71b67f000)               = 0x55c71b67f000
21363 read(5, "],0,0) if defined $tomt1;\n    un"..., 8192) = 7984
21363 lseek(5, 8811, SEEK_SET)          = 8811
21363 lseek(5, 0, SEEK_CUR)             = 8811
21363 close(5)                          = 0
21363 getuid()                          = 1000
21363 geteuid()                         = 1000
21363 getgid()                          = 1000
21363 getegid()                         = 1000
21363 newfstatat(AT_FDCWD, "/opt/packit/packages/autoconf/2.73/share/autoconf/POSIX.pmc", 0x7ffffea316a0, 0) = -1 ENOENT (No such file or directory)
21363 newfstatat(AT_FDCWD, "/opt/packit/packages/autoconf/2.73/share/autoconf/POSIX.pm", 0x7ffffea316a0, 0) = -1 ENOENT (No such file or directory)
21363 newfstatat(AT_FDCWD, "/opt/packit/lib/perl5/site_perl/5.42/x86_64-linux-thread-multi/POSIX.pmc", 0x7ffffea316a0, 0) = -1 ENOENT (No such file or directory)
21363 newfstatat(AT_FDCWD, "/opt/packit/lib/perl5/site_perl/5.42/x86_64-linux-thread-multi/POSIX.pm", 0x7ffffea316a0, 0) = -1 ENOENT (No such file or directory)
21363 newfstatat(AT_FDCWD, "/opt/packit/lib/perl5/site_perl/5.42/POSIX.pmc", 0x7ffffea316a0, 0) = -1 ENOENT (No such file or directory)
21363 newfstatat(AT_FDCWD, "/opt/packit/lib/perl5/site_perl/5.42/POSIX.pm", 0x7ffffea316a0, 0) = -1 ENOENT (No such file or directory)
21363 newfstatat(AT_FDCWD, "/opt/packit/lib/perl5/vendor_perl/5.42/x86_64-linux-thread-multi/POSIX.pmc", 0x7ffffea316a0, 0) = -1 ENOENT (No such file or directory)
21363 newfstatat(AT_FDCWD, "/opt/packit/lib/perl5/vendor_perl/5.42/x86_64-linux-thread-multi/POSIX.pm", 0x7ffffea316a0, 0) = -1 ENOENT (No such file or directory)
21363 newfstatat(AT_FDCWD, "/opt/packit/lib/perl5/vendor_perl/5.42/POSIX.pmc", 0x7ffffea316a0, 0) = -1 ENOENT (No such file or directory)
21363 newfstatat(AT_FDCWD, "/opt/packit/lib/perl5/vendor_perl/5.42/POSIX.pm", 0x7ffffea316a0, 0) = -1 ENOENT (No such file or directory)
21363 newfstatat(AT_FDCWD, "/opt/packit/packages/perl/5.42.2/lib/perl5//x86_64-linux-thread-multi/POSIX.pmc", 0x7ffffea316a0, 0) = -1 ENOENT (No such file or directory)
21363 newfstatat(AT_FDCWD, "/opt/packit/packages/perl/5.42.2/lib/perl5//x86_64-linux-thread-multi/POSIX.pm", {st_mode=S_IFREG|0755, st_size=20445, ...}, 0) = 0
21363 openat(AT_FDCWD, "/opt/packit/packages/perl/5.42.2/lib/perl5//x86_64-linux-thread-multi/POSIX.pm", O_RDONLY|O_CLOEXEC) = 5
21363 ioctl(5, TCGETS, 0x7ffffea31450)  = -1 ENOTTY (Inappropriate ioctl for device)
21363 lseek(5, 0, SEEK_CUR)             = 0
21363 read(5, "package POSIX;\nuse strict;\nuse w"..., 8192) = 8192
21363 brk(0x55c71b6a0000)               = 0x55c71b6a0000
21363 read(5, "\"\\n\";\n}\n\nsub printf {\n    usage "..., 8192) = 8192
21363 brk(0x55c71b6c1000)               = 0x55c71b6c1000
21363 read(5, "b_h}}, 'strtold' ],\n\n    sys_res"..., 8192) = 4061
21363 brk(0x55c71b6e2000)               = 0x55c71b6e2000
21363 read(5, "", 8192)                 = 0
21363 close(5)                          = 0
21363 newfstatat(AT_FDCWD, "/opt/packit/packages/perl/5.42.2/lib/perl5//x86_64-linux-thread-multi/auto/POSIX/POSIX.so", {st_mode=S_IFREG|0755, st_size=124224, ...}, 0) = 0
21363 newfstatat(AT_FDCWD, "/opt/packit/packages/perl/5.42.2/lib/perl5//x86_64-linux-thread-multi/auto/POSIX/POSIX.bs", 0x55c71b2624b8, 0) = -1 ENOENT (No such file or directory)
21363 openat(AT_FDCWD, "/opt/packit/packages/perl/5.42.2/lib/perl5//x86_64-linux-thread-multi/auto/POSIX/POSIX.so", O_RDONLY|O_CLOEXEC) = 5
21363 read(5, "\177ELF\2\1\1\0\0\0\0\0\0\0\0\0\3\0>\0\1\0\0\0\0\0\0\0\0\0\0\0"..., 832) = 832
21363 fstat(5, {st_mode=S_IFREG|0755, st_size=124224, ...}) = 0
21363 mmap(NULL, 108104, PROT_READ, MAP_PRIVATE|MAP_DENYWRITE, 5, 0) = 0x7fbe87bf6000
21363 mmap(0x7fbe87bfc000, 53248, PROT_READ|PROT_EXEC, MAP_PRIVATE|MAP_FIXED|MAP_DENYWRITE, 5, 0x6000) = 0x7fbe87bfc000
21363 mmap(0x7fbe87c09000, 16384, PROT_READ, MAP_PRIVATE|MAP_FIXED|MAP_DENYWRITE, 5, 0x13000) = 0x7fbe87c09000
21363 mmap(0x7fbe87c0d000, 16384, PROT_READ|PROT_WRITE, MAP_PRIVATE|MAP_FIXED|MAP_DENYWRITE, 5, 0x17000) = 0x7fbe87c0d000
21363 close(5)                          = 0
21363 mprotect(0x7fbe87c0d000, 12288, PROT_READ) = 0
21363 brk(0x55c71b703000)               = 0x55c71b703000
21363 newfstatat(AT_FDCWD, "/opt/packit/packages/autoconf/2.73/share/autoconf/Tie/Hash.pmc", 0x7ffffea316a0, 0) = -1 ENOENT (No such file or directory)
21363 newfstatat(AT_FDCWD, "/opt/packit/packages/autoconf/2.73/share/autoconf/Tie/Hash.pm", 0x7ffffea316a0, 0) = -1 ENOENT (No such file or directory)
21363 newfstatat(AT_FDCWD, "/opt/packit/lib/perl5/site_perl/5.42/x86_64-linux-thread-multi/Tie/Hash.pmc", 0x7ffffea316a0, 0) = -1 ENOENT (No such file or directory)
21363 newfstatat(AT_FDCWD, "/opt/packit/lib/perl5/site_perl/5.42/x86_64-linux-thread-multi/Tie/Hash.pm", 0x7ffffea316a0, 0) = -1 ENOENT (No such file or directory)
21363 newfstatat(AT_FDCWD, "/opt/packit/lib/perl5/site_perl/5.42/Tie/Hash.pmc", 0x7ffffea316a0, 0) = -1 ENOENT (No such file or directory)
21363 newfstatat(AT_FDCWD, "/opt/packit/lib/perl5/site_perl/5.42/Tie/Hash.pm", 0x7ffffea316a0, 0) = -1 ENOENT (No such file or directory)
21363 newfstatat(AT_FDCWD, "/opt/packit/lib/perl5/vendor_perl/5.42/x86_64-linux-thread-multi/Tie/Hash.pmc", 0x7ffffea316a0, 0) = -1 ENOENT (No such file or directory)
21363 newfstatat(AT_FDCWD, "/opt/packit/lib/perl5/vendor_perl/5.42/x86_64-linux-thread-multi/Tie/Hash.pm", 0x7ffffea316a0, 0) = -1 ENOENT (No such file or directory)
21363 newfstatat(AT_FDCWD, "/opt/packit/lib/perl5/vendor_perl/5.42/Tie/Hash.pmc", 0x7ffffea316a0, 0) = -1 ENOENT (No such file or directory)
21363 newfstatat(AT_FDCWD, "/opt/packit/lib/perl5/vendor_perl/5.42/Tie/Hash.pm", 0x7ffffea316a0, 0) = -1 ENOENT (No such file or directory)
21363 newfstatat(AT_FDCWD, "/opt/packit/packages/perl/5.42.2/lib/perl5//x86_64-linux-thread-multi/Tie/Hash.pmc", 0x7ffffea316a0, 0) = -1 ENOENT (No such file or directory)
21363 newfstatat(AT_FDCWD, "/opt/packit/packages/perl/5.42.2/lib/perl5//x86_64-linux-thread-multi/Tie/Hash.pm", 0x7ffffea316a0, 0) = -1 ENOENT (No such file or directory)
21363 newfstatat(AT_FDCWD, "/opt/packit/packages/perl/5.42.2/lib/perl5/Tie/Hash.pmc", 0x7ffffea316a0, 0) = -1 ENOENT (No such file or directory)
21363 newfstatat(AT_FDCWD, "/opt/packit/packages/perl/5.42.2/lib/perl5/Tie/Hash.pm", {st_mode=S_IFREG|0755, st_size=7656, ...}, 0) = 0
21363 openat(AT_FDCWD, "/opt/packit/packages/perl/5.42.2/lib/perl5/Tie/Hash.pm", O_RDONLY|O_CLOEXEC) = 5
21363 ioctl(5, TCGETS, 0x7ffffea31450)  = -1 ENOTTY (Inappropriate ioctl for device)
21363 lseek(5, 0, SEEK_CUR)             = 0
21363 read(5, "package Tie::Hash;\n\nour $VERSION"..., 8192) = 7656
21363 brk(0x55c71b724000)               = 0x55c71b724000
21363 read(5, "", 8192)                 = 0
21363 close(5)                          = 0
21363 getuid()                          = 1000
21363 geteuid()                         = 1000
21363 getgid()                          = 1000
21363 getegid()                         = 1000
21363 brk(0x55c71b745000)               = 0x55c71b745000
21363 read(4, "_case_matching_file ($$)\n{\n  # N"..., 8192) = 1810
21363 read(4, "", 8192)                 = 0
21363 close(4)                          = 0
21363 newfstatat(AT_FDCWD, "/opt/packit/packages/autoconf/2.73/share/autoconf/Autom4te/General.pmc", 0x7ffffea31db0, 0) = -1 ENOENT (No such file or directory)
21363 newfstatat(AT_FDCWD, "/opt/packit/packages/autoconf/2.73/share/autoconf/Autom4te/General.pm", {st_mode=S_IFREG|0755, st_size=8719, ...}, 0) = 0
21363 openat(AT_FDCWD, "/opt/packit/packages/autoconf/2.73/share/autoconf/Autom4te/General.pm", O_RDONLY|O_CLOEXEC) = 4
21363 ioctl(4, TCGETS, 0x7ffffea31b60)  = -1 ENOTTY (Inappropriate ioctl for device)
21363 lseek(4, 0, SEEK_CUR)             = 0
21363 read(4, "# autoconf -- create 'configure'"..., 8192) = 8192
21363 newfstatat(AT_FDCWD, "/opt/packit/packages/autoconf/2.73/share/autoconf/File/stat.pmc", 0x7ffffea316a0, 0) = -1 ENOENT (No such file or directory)
21363 newfstatat(AT_FDCWD, "/opt/packit/packages/autoconf/2.73/share/autoconf/File/stat.pm", 0x7ffffea316a0, 0) = -1 ENOENT (No such file or directory)
21363 newfstatat(AT_FDCWD, "/opt/packit/lib/perl5/site_perl/5.42/x86_64-linux-thread-multi/File/stat.pmc", 0x7ffffea316a0, 0) = -1 ENOENT (No such file or directory)
21363 newfstatat(AT_FDCWD, "/opt/packit/lib/perl5/site_perl/5.42/x86_64-linux-thread-multi/File/stat.pm", 0x7ffffea316a0, 0) = -1 ENOENT (No such file or directory)
21363 newfstatat(AT_FDCWD, "/opt/packit/lib/perl5/site_perl/5.42/File/stat.pmc", 0x7ffffea316a0, 0) = -1 ENOENT (No such file or directory)
21363 newfstatat(AT_FDCWD, "/opt/packit/lib/perl5/site_perl/5.42/File/stat.pm", 0x7ffffea316a0, 0) = -1 ENOENT (No such file or directory)
21363 newfstatat(AT_FDCWD, "/opt/packit/lib/perl5/vendor_perl/5.42/x86_64-linux-thread-multi/File/stat.pmc", 0x7ffffea316a0, 0) = -1 ENOENT (No such file or directory)
21363 newfstatat(AT_FDCWD, "/opt/packit/lib/perl5/vendor_perl/5.42/x86_64-linux-thread-multi/File/stat.pm", 0x7ffffea316a0, 0) = -1 ENOENT (No such file or directory)
21363 newfstatat(AT_FDCWD, "/opt/packit/lib/perl5/vendor_perl/5.42/File/stat.pmc", 0x7ffffea316a0, 0) = -1 ENOENT (No such file or directory)
21363 newfstatat(AT_FDCWD, "/opt/packit/lib/perl5/vendor_perl/5.42/File/stat.pm", 0x7ffffea316a0, 0) = -1 ENOENT (No such file or directory)
21363 newfstatat(AT_FDCWD, "/opt/packit/packages/perl/5.42.2/lib/perl5//x86_64-linux-thread-multi/File/stat.pmc", 0x7ffffea316a0, 0) = -1 ENOENT (No such file or directory)
21363 newfstatat(AT_FDCWD, "/opt/packit/packages/perl/5.42.2/lib/perl5//x86_64-linux-thread-multi/File/stat.pm", 0x7ffffea316a0, 0) = -1 ENOENT (No such file or directory)
21363 newfstatat(AT_FDCWD, "/opt/packit/packages/perl/5.42.2/lib/perl5/File/stat.pmc", 0x7ffffea316a0, 0) = -1 ENOENT (No such file or directory)
21363 newfstatat(AT_FDCWD, "/opt/packit/packages/perl/5.42.2/lib/perl5/File/stat.pm", {st_mode=S_IFREG|0755, st_size=10128, ...}, 0) = 0
21363 openat(AT_FDCWD, "/opt/packit/packages/perl/5.42.2/lib/perl5/File/stat.pm", O_RDONLY|O_CLOEXEC) = 5
21363 ioctl(5, TCGETS, 0x7ffffea31450)  = -1 ENOTTY (Inappropriate ioctl for device)
21363 lseek(5, 0, SEEK_CUR)             = 0
21363 read(5, "package File::stat 1.14;\nuse v5."..., 8192) = 8192
21363 brk(0x55c71b766000)               = 0x55c71b766000
21363 brk(0x55c71b787000)               = 0x55c71b787000
21363 lseek(5, 6236, SEEK_SET)          = 6236
21363 lseek(5, 0, SEEK_CUR)             = 6236
21363 close(5)                          = 0
21363 newfstatat(AT_FDCWD, "/opt/packit/packages/autoconf/2.73/share/autoconf/File/Temp.pmc", 0x7ffffea316a0, 0) = -1 ENOENT (No such file or directory)
21363 newfstatat(AT_FDCWD, "/opt/packit/packages/autoconf/2.73/share/autoconf/File/Temp.pm", 0x7ffffea316a0, 0) = -1 ENOENT (No such file or directory)
21363 newfstatat(AT_FDCWD, "/opt/packit/lib/perl5/site_perl/5.42/x86_64-linux-thread-multi/File/Temp.pmc", 0x7ffffea316a0, 0) = -1 ENOENT (No such file or directory)
21363 newfstatat(AT_FDCWD, "/opt/packit/lib/perl5/site_perl/5.42/x86_64-linux-thread-multi/File/Temp.pm", 0x7ffffea316a0, 0) = -1 ENOENT (No such file or directory)
21363 newfstatat(AT_FDCWD, "/opt/packit/lib/perl5/site_perl/5.42/File/Temp.pmc", 0x7ffffea316a0, 0) = -1 ENOENT (No such file or directory)
21363 newfstatat(AT_FDCWD, "/opt/packit/lib/perl5/site_perl/5.42/File/Temp.pm", 0x7ffffea316a0, 0) = -1 ENOENT (No such file or directory)
21363 newfstatat(AT_FDCWD, "/opt/packit/lib/perl5/vendor_perl/5.42/x86_64-linux-thread-multi/File/Temp.pmc", 0x7ffffea316a0, 0) = -1 ENOENT (No such file or directory)
21363 newfstatat(AT_FDCWD, "/opt/packit/lib/perl5/vendor_perl/5.42/x86_64-linux-thread-multi/File/Temp.pm", 0x7ffffea316a0, 0) = -1 ENOENT (No such file or directory)
21363 newfstatat(AT_FDCWD, "/opt/packit/lib/perl5/vendor_perl/5.42/File/Temp.pmc", 0x7ffffea316a0, 0) = -1 ENOENT (No such file or directory)
21363 newfstatat(AT_FDCWD, "/opt/packit/lib/perl5/vendor_perl/5.42/File/Temp.pm", 0x7ffffea316a0, 0) = -1 ENOENT (No such file or directory)
21363 newfstatat(AT_FDCWD, "/opt/packit/packages/perl/5.42.2/lib/perl5//x86_64-linux-thread-multi/File/Temp.pmc", 0x7ffffea316a0, 0) = -1 ENOENT (No such file or directory)
21363 newfstatat(AT_FDCWD, "/opt/packit/packages/perl/5.42.2/lib/perl5//x86_64-linux-thread-multi/File/Temp.pm", 0x7ffffea316a0, 0) = -1 ENOENT (No such file or directory)
21363 newfstatat(AT_FDCWD, "/opt/packit/packages/perl/5.42.2/lib/perl5/File/Temp.pmc", 0x7ffffea316a0, 0) = -1 ENOENT (No such file or directory)
21363 newfstatat(AT_FDCWD, "/opt/packit/packages/perl/5.42.2/lib/perl5/File/Temp.pm", {st_mode=S_IFREG|0755, st_size=118877, ...}, 0) = 0
21363 openat(AT_FDCWD, "/opt/packit/packages/perl/5.42.2/lib/perl5/File/Temp.pm", O_RDONLY|O_CLOEXEC) = 5
21363 ioctl(5, TCGETS, 0x7ffffea31450)  = -1 ENOTTY (Inappropriate ioctl for device)
21363 lseek(5, 0, SEEK_CUR)             = 0
21363 read(5, "package File::Temp; # git descri"..., 8192) = 8192
21363 newfstatat(AT_FDCWD, "/opt/packit/packages/autoconf/2.73/share/autoconf/File/Path.pmc", 0x7ffffea30f90, 0) = -1 ENOENT (No such file or directory)
21363 newfstatat(AT_FDCWD, "/opt/packit/packages/autoconf/2.73/share/autoconf/File/Path.pm", 0x7ffffea30f90, 0) = -1 ENOENT (No such file or directory)
21363 newfstatat(AT_FDCWD, "/opt/packit/lib/perl5/site_perl/5.42/x86_64-linux-thread-multi/File/Path.pmc", 0x7ffffea30f90, 0) = -1 ENOENT (No such file or directory)
21363 newfstatat(AT_FDCWD, "/opt/packit/lib/perl5/site_perl/5.42/x86_64-linux-thread-multi/File/Path.pm", 0x7ffffea30f90, 0) = -1 ENOENT (No such file or directory)
21363 newfstatat(AT_FDCWD, "/opt/packit/lib/perl5/site_perl/5.42/File/Path.pmc", 0x7ffffea30f90, 0) = -1 ENOENT (No such file or directory)
21363 newfstatat(AT_FDCWD, "/opt/packit/lib/perl5/site_perl/5.42/File/Path.pm", 0x7ffffea30f90, 0) = -1 ENOENT (No such file or directory)
21363 newfstatat(AT_FDCWD, "/opt/packit/lib/perl5/vendor_perl/5.42/x86_64-linux-thread-multi/File/Path.pmc", 0x7ffffea30f90, 0) = -1 ENOENT (No such file or directory)
21363 newfstatat(AT_FDCWD, "/opt/packit/lib/perl5/vendor_perl/5.42/x86_64-linux-thread-multi/File/Path.pm", 0x7ffffea30f90, 0) = -1 ENOENT (No such file or directory)
21363 newfstatat(AT_FDCWD, "/opt/packit/lib/perl5/vendor_perl/5.42/File/Path.pmc", 0x7ffffea30f90, 0) = -1 ENOENT (No such file or directory)
21363 newfstatat(AT_FDCWD, "/opt/packit/lib/perl5/vendor_perl/5.42/File/Path.pm", 0x7ffffea30f90, 0) = -1 ENOENT (No such file or directory)
21363 newfstatat(AT_FDCWD, "/opt/packit/packages/perl/5.42.2/lib/perl5//x86_64-linux-thread-multi/File/Path.pmc", 0x7ffffea30f90, 0) = -1 ENOENT (No such file or directory)
21363 newfstatat(AT_FDCWD, "/opt/packit/packages/perl/5.42.2/lib/perl5//x86_64-linux-thread-multi/File/Path.pm", 0x7ffffea30f90, 0) = -1 ENOENT (No such file or directory)
21363 newfstatat(AT_FDCWD, "/opt/packit/packages/perl/5.42.2/lib/perl5/File/Path.pmc", 0x7ffffea30f90, 0) = -1 ENOENT (No such file or directory)
21363 newfstatat(AT_FDCWD, "/opt/packit/packages/perl/5.42.2/lib/perl5/File/Path.pm", {st_mode=S_IFREG|0755, st_size=43254, ...}, 0) = 0
21363 openat(AT_FDCWD, "/opt/packit/packages/perl/5.42.2/lib/perl5/File/Path.pm", O_RDONLY|O_CLOEXEC) = 6
21363 ioctl(6, TCGETS, 0x7ffffea30d40)  = -1 ENOTTY (Inappropriate ioctl for device)
21363 lseek(6, 0, SEEK_CUR)             = 0
21363 read(6, "package File::Path;\n\nuse 5.005_0"..., 8192) = 8192
21363 newfstatat(AT_FDCWD, "/opt/packit/packages/autoconf/2.73/share/autoconf/vars.pmc", 0x7ffffea30880, 0) = -1 ENOENT (No such file or directory)
21363 newfstatat(AT_FDCWD, "/opt/packit/packages/autoconf/2.73/share/autoconf/vars.pm", 0x7ffffea30880, 0) = -1 ENOENT (No such file or directory)
21363 newfstatat(AT_FDCWD, "/opt/packit/lib/perl5/site_perl/5.42/x86_64-linux-thread-multi/vars.pmc", 0x7ffffea30880, 0) = -1 ENOENT (No such file or directory)
21363 newfstatat(AT_FDCWD, "/opt/packit/lib/perl5/site_perl/5.42/x86_64-linux-thread-multi/vars.pm", 0x7ffffea30880, 0) = -1 ENOENT (No such file or directory)
21363 newfstatat(AT_FDCWD, "/opt/packit/lib/perl5/site_perl/5.42/vars.pmc", 0x7ffffea30880, 0) = -1 ENOENT (No such file or directory)
21363 newfstatat(AT_FDCWD, "/opt/packit/lib/perl5/site_perl/5.42/vars.pm", 0x7ffffea30880, 0) = -1 ENOENT (No such file or directory)
21363 newfstatat(AT_FDCWD, "/opt/packit/lib/perl5/vendor_perl/5.42/x86_64-linux-thread-multi/vars.pmc", 0x7ffffea30880, 0) = -1 ENOENT (No such file or directory)
21363 newfstatat(AT_FDCWD, "/opt/packit/lib/perl5/vendor_perl/5.42/x86_64-linux-thread-multi/vars.pm", 0x7ffffea30880, 0) = -1 ENOENT (No such file or directory)
21363 newfstatat(AT_FDCWD, "/opt/packit/lib/perl5/vendor_perl/5.42/vars.pmc", 0x7ffffea30880, 0) = -1 ENOENT (No such file or directory)
21363 newfstatat(AT_FDCWD, "/opt/packit/lib/perl5/vendor_perl/5.42/vars.pm", 0x7ffffea30880, 0) = -1 ENOENT (No such file or directory)
21363 newfstatat(AT_FDCWD, "/opt/packit/packages/perl/5.42.2/lib/perl5//x86_64-linux-thread-multi/vars.pmc", 0x7ffffea30880, 0) = -1 ENOENT (No such file or directory)
21363 newfstatat(AT_FDCWD, "/opt/packit/packages/perl/5.42.2/lib/perl5//x86_64-linux-thread-multi/vars.pm", 0x7ffffea30880, 0) = -1 ENOENT (No such file or directory)
21363 newfstatat(AT_FDCWD, "/opt/packit/packages/perl/5.42.2/lib/perl5/vars.pmc", 0x7ffffea30880, 0) = -1 ENOENT (No such file or directory)
21363 newfstatat(AT_FDCWD, "/opt/packit/packages/perl/5.42.2/lib/perl5/vars.pm", {st_mode=S_IFREG|0755, st_size=2458, ...}, 0) = 0
21363 openat(AT_FDCWD, "/opt/packit/packages/perl/5.42.2/lib/perl5/vars.pm", O_RDONLY|O_CLOEXEC) = 7
21363 ioctl(7, TCGETS, 0x7ffffea30630)  = -1 ENOTTY (Inappropriate ioctl for device)
21363 lseek(7, 0, SEEK_CUR)             = 0
21363 brk(0x55c71b7a8000)               = 0x55c71b7a8000
21363 read(7, "package vars;\n\nuse 5.006;\n\nour $"..., 8192) = 2458
21363 lseek(7, 1147, SEEK_SET)          = 1147
21363 lseek(7, 0, SEEK_CUR)             = 1147
21363 close(7)                          = 0
21363 brk(0x55c71b7cb000)               = 0x55c71b7cb000
21363 read(6, "d\n    return 0 if @t < @d;\n\n    "..., 8192) = 8192
21363 read(6, "$nperm != $perm and not chmod( $"..., 8192) = 8192
21363 brk(0x55c71b7ee000)               = 0x55c71b7ee000
21363 lseek(6, 20723, SEEK_SET)         = 20723
21363 lseek(6, 0, SEEK_CUR)             = 20723
21363 close(6)                          = 0
21363 getuid()                          = 1000
21363 geteuid()                         = 1000
21363 getgid()                          = 1000
21363 getegid()                         = 1000
21363 newfstatat(AT_FDCWD, "/opt/packit/packages/autoconf/2.73/share/autoconf/Errno.pmc", 0x7ffffea30f90, 0) = -1 ENOENT (No such file or directory)
21363 newfstatat(AT_FDCWD, "/opt/packit/packages/autoconf/2.73/share/autoconf/Errno.pm", 0x7ffffea30f90, 0) = -1 ENOENT (No such file or directory)
21363 newfstatat(AT_FDCWD, "/opt/packit/lib/perl5/site_perl/5.42/x86_64-linux-thread-multi/Errno.pmc", 0x7ffffea30f90, 0) = -1 ENOENT (No such file or directory)
21363 newfstatat(AT_FDCWD, "/opt/packit/lib/perl5/site_perl/5.42/x86_64-linux-thread-multi/Errno.pm", 0x7ffffea30f90, 0) = -1 ENOENT (No such file or directory)
21363 newfstatat(AT_FDCWD, "/opt/packit/lib/perl5/site_perl/5.42/Errno.pmc", 0x7ffffea30f90, 0) = -1 ENOENT (No such file or directory)
21363 newfstatat(AT_FDCWD, "/opt/packit/lib/perl5/site_perl/5.42/Errno.pm", 0x7ffffea30f90, 0) = -1 ENOENT (No such file or directory)
21363 newfstatat(AT_FDCWD, "/opt/packit/lib/perl5/vendor_perl/5.42/x86_64-linux-thread-multi/Errno.pmc", 0x7ffffea30f90, 0) = -1 ENOENT (No such file or directory)
21363 newfstatat(AT_FDCWD, "/opt/packit/lib/perl5/vendor_perl/5.42/x86_64-linux-thread-multi/Errno.pm", 0x7ffffea30f90, 0) = -1 ENOENT (No such file or directory)
21363 newfstatat(AT_FDCWD, "/opt/packit/lib/perl5/vendor_perl/5.42/Errno.pmc", 0x7ffffea30f90, 0) = -1 ENOENT (No such file or directory)
21363 newfstatat(AT_FDCWD, "/opt/packit/lib/perl5/vendor_perl/5.42/Errno.pm", 0x7ffffea30f90, 0) = -1 ENOENT (No such file or directory)
21363 newfstatat(AT_FDCWD, "/opt/packit/packages/perl/5.42.2/lib/perl5//x86_64-linux-thread-multi/Errno.pmc", 0x7ffffea30f90, 0) = -1 ENOENT (No such file or directory)
21363 newfstatat(AT_FDCWD, "/opt/packit/packages/perl/5.42.2/lib/perl5//x86_64-linux-thread-multi/Errno.pm", {st_mode=S_IFREG|0755, st_size=6843, ...}, 0) = 0
21363 openat(AT_FDCWD, "/opt/packit/packages/perl/5.42.2/lib/perl5//x86_64-linux-thread-multi/Errno.pm", O_RDONLY|O_CLOEXEC) = 6
21363 ioctl(6, TCGETS, 0x7ffffea30d40)  = -1 ENOTTY (Inappropriate ioctl for device)
21363 lseek(6, 0, SEEK_CUR)             = 0
21363 read(6, "# -*- buffer-read-only: t -*-\n#\n"..., 8192) = 6843
21363 lseek(6, 5173, SEEK_SET)          = 5173
21363 lseek(6, 0, SEEK_CUR)             = 5173
21363 close(6)                          = 0
21363 newfstatat(AT_FDCWD, "/opt/packit/packages/autoconf/2.73/share/autoconf/Scalar/Util.pmc", 0x7ffffea30f90, 0) = -1 ENOENT (No such file or directory)
21363 newfstatat(AT_FDCWD, "/opt/packit/packages/autoconf/2.73/share/autoconf/Scalar/Util.pm", 0x7ffffea30f90, 0) = -1 ENOENT (No such file or directory)
21363 newfstatat(AT_FDCWD, "/opt/packit/lib/perl5/site_perl/5.42/x86_64-linux-thread-multi/Scalar/Util.pmc", 0x7ffffea30f90, 0) = -1 ENOENT (No such file or directory)
21363 newfstatat(AT_FDCWD, "/opt/packit/lib/perl5/site_perl/5.42/x86_64-linux-thread-multi/Scalar/Util.pm", 0x7ffffea30f90, 0) = -1 ENOENT (No such file or directory)
21363 newfstatat(AT_FDCWD, "/opt/packit/lib/perl5/site_perl/5.42/Scalar/Util.pmc", 0x7ffffea30f90, 0) = -1 ENOENT (No such file or directory)
21363 newfstatat(AT_FDCWD, "/opt/packit/lib/perl5/site_perl/5.42/Scalar/Util.pm", 0x7ffffea30f90, 0) = -1 ENOENT (No such file or directory)
21363 newfstatat(AT_FDCWD, "/opt/packit/lib/perl5/vendor_perl/5.42/x86_64-linux-thread-multi/Scalar/Util.pmc", 0x7ffffea30f90, 0) = -1 ENOENT (No such file or directory)
21363 newfstatat(AT_FDCWD, "/opt/packit/lib/perl5/vendor_perl/5.42/x86_64-linux-thread-multi/Scalar/Util.pm", 0x7ffffea30f90, 0) = -1 ENOENT (No such file or directory)
21363 newfstatat(AT_FDCWD, "/opt/packit/lib/perl5/vendor_perl/5.42/Scalar/Util.pmc", 0x7ffffea30f90, 0) = -1 ENOENT (No such file or directory)
21363 newfstatat(AT_FDCWD, "/opt/packit/lib/perl5/vendor_perl/5.42/Scalar/Util.pm", 0x7ffffea30f90, 0) = -1 ENOENT (No such file or directory)
21363 newfstatat(AT_FDCWD, "/opt/packit/packages/perl/5.42.2/lib/perl5//x86_64-linux-thread-multi/Scalar/Util.pmc", 0x7ffffea30f90, 0) = -1 ENOENT (No such file or directory)
21363 newfstatat(AT_FDCWD, "/opt/packit/packages/perl/5.42.2/lib/perl5//x86_64-linux-thread-multi/Scalar/Util.pm", {st_mode=S_IFREG|0755, st_size=11196, ...}, 0) = 0
21363 openat(AT_FDCWD, "/opt/packit/packages/perl/5.42.2/lib/perl5//x86_64-linux-thread-multi/Scalar/Util.pm", O_RDONLY|O_CLOEXEC) = 6
21363 ioctl(6, TCGETS, 0x7ffffea30d40)  = -1 ENOTTY (Inappropriate ioctl for device)
21363 lseek(6, 0, SEEK_CUR)             = 0
21363 read(6, "# Copyright (c) 1997-2007 Graham"..., 8192) = 8192
21363 lseek(6, 1530, SEEK_SET)          = 1530
21363 lseek(6, 0, SEEK_CUR)             = 1530
21363 close(6)                          = 0
21363 getuid()                          = 1000
21363 geteuid()                         = 1000
21363 getgid()                          = 1000
21363 getegid()                         = 1000
21363 newfstatat(AT_FDCWD, "/opt/packit/packages/autoconf/2.73/share/autoconf/List/Util.pmc", 0x7ffffea30f90, 0) = -1 ENOENT (No such file or directory)
21363 newfstatat(AT_FDCWD, "/opt/packit/packages/autoconf/2.73/share/autoconf/List/Util.pm", 0x7ffffea30f90, 0) = -1 ENOENT (No such file or directory)
21363 newfstatat(AT_FDCWD, "/opt/packit/lib/perl5/site_perl/5.42/x86_64-linux-thread-multi/List/Util.pmc", 0x7ffffea30f90, 0) = -1 ENOENT (No such file or directory)
21363 newfstatat(AT_FDCWD, "/opt/packit/lib/perl5/site_perl/5.42/x86_64-linux-thread-multi/List/Util.pm", 0x7ffffea30f90, 0) = -1 ENOENT (No such file or directory)
21363 newfstatat(AT_FDCWD, "/opt/packit/lib/perl5/site_perl/5.42/List/Util.pmc", 0x7ffffea30f90, 0) = -1 ENOENT (No such file or directory)
21363 newfstatat(AT_FDCWD, "/opt/packit/lib/perl5/site_perl/5.42/List/Util.pm", 0x7ffffea30f90, 0) = -1 ENOENT (No such file or directory)
21363 newfstatat(AT_FDCWD, "/opt/packit/lib/perl5/vendor_perl/5.42/x86_64-linux-thread-multi/List/Util.pmc", 0x7ffffea30f90, 0) = -1 ENOENT (No such file or directory)
21363 newfstatat(AT_FDCWD, "/opt/packit/lib/perl5/vendor_perl/5.42/x86_64-linux-thread-multi/List/Util.pm", 0x7ffffea30f90, 0) = -1 ENOENT (No such file or directory)
21363 newfstatat(AT_FDCWD, "/opt/packit/lib/perl5/vendor_perl/5.42/List/Util.pmc", 0x7ffffea30f90, 0) = -1 ENOENT (No such file or directory)
21363 newfstatat(AT_FDCWD, "/opt/packit/lib/perl5/vendor_perl/5.42/List/Util.pm", 0x7ffffea30f90, 0) = -1 ENOENT (No such file or directory)
21363 newfstatat(AT_FDCWD, "/opt/packit/packages/perl/5.42.2/lib/perl5//x86_64-linux-thread-multi/List/Util.pmc", 0x7ffffea30f90, 0) = -1 ENOENT (No such file or directory)
21363 newfstatat(AT_FDCWD, "/opt/packit/packages/perl/5.42.2/lib/perl5//x86_64-linux-thread-multi/List/Util.pm", {st_mode=S_IFREG|0755, st_size=26995, ...}, 0) = 0
21363 openat(AT_FDCWD, "/opt/packit/packages/perl/5.42.2/lib/perl5//x86_64-linux-thread-multi/List/Util.pm", O_RDONLY|O_CLOEXEC) = 6
21363 ioctl(6, TCGETS, 0x7ffffea30d40)  = -1 ENOTTY (Inappropriate ioctl for device)
21363 lseek(6, 0, SEEK_CUR)             = 0
21363 brk(0x55c71b810000)               = 0x55c71b810000
21363 read(6, "# Copyright (c) 1997-2009 Graham"..., 8192) = 8192
21363 read(6, "ng as defined by the C<gt> opera"..., 8192) = 8192
21363 read(6, "e code block\nwill be visible to "..., 8192) = 8192
21363 read(6, "variables that are\ncaptured by a"..., 8192) = 2419
21363 read(6, "", 8192)                 = 0
21363 close(6)                          = 0
21363 getuid()                          = 1000
21363 geteuid()                         = 1000
21363 getgid()                          = 1000
21363 getegid()                         = 1000
21363 newfstatat(AT_FDCWD, "/opt/packit/packages/perl/5.42.2/lib/perl5//x86_64-linux-thread-multi/auto/List/Util/Util.so", {st_mode=S_IFREG|0755, st_size=66344, ...}, 0) = 0
21363 newfstatat(AT_FDCWD, "/opt/packit/packages/perl/5.42.2/lib/perl5//x86_64-linux-thread-multi/auto/List/Util/Util.bs", 0x55c71b2624b8, 0) = -1 ENOENT (No such file or directory)
21363 openat(AT_FDCWD, "/opt/packit/packages/perl/5.42.2/lib/perl5//x86_64-linux-thread-multi/auto/List/Util/Util.so", O_RDONLY|O_CLOEXEC) = 6
21363 read(6, "\177ELF\2\1\1\0\0\0\0\0\0\0\0\0\3\0>\0\1\0\0\0\0\0\0\0\0\0\0\0"..., 832) = 832
21363 fstat(6, {st_mode=S_IFREG|0755, st_size=66344, ...}) = 0
21363 mmap(NULL, 62240, PROT_READ, MAP_PRIVATE|MAP_DENYWRITE, 6, 0) = 0x7fbe87be6000
21363 mmap(0x7fbe87be8000, 40960, PROT_READ|PROT_EXEC, MAP_PRIVATE|MAP_FIXED|MAP_DENYWRITE, 6, 0x2000) = 0x7fbe87be8000
21363 mmap(0x7fbe87bf2000, 8192, PROT_READ, MAP_PRIVATE|MAP_FIXED|MAP_DENYWRITE, 6, 0xc000) = 0x7fbe87bf2000
21363 mmap(0x7fbe87bf4000, 8192, PROT_READ|PROT_WRITE, MAP_PRIVATE|MAP_FIXED|MAP_DENYWRITE, 6, 0xd000) = 0x7fbe87bf4000
21363 close(6)                          = 0
21363 mprotect(0x7fbe87bf4000, 4096, PROT_READ) = 0
21363 newfstatat(AT_FDCWD, "/opt/packit/packages/autoconf/2.73/share/autoconf/parent.pmc", 0x7ffffea30f90, 0) = -1 ENOENT (No such file or directory)
21363 newfstatat(AT_FDCWD, "/opt/packit/packages/autoconf/2.73/share/autoconf/parent.pm", 0x7ffffea30f90, 0) = -1 ENOENT (No such file or directory)
21363 newfstatat(AT_FDCWD, "/opt/packit/lib/perl5/site_perl/5.42/x86_64-linux-thread-multi/parent.pmc", 0x7ffffea30f90, 0) = -1 ENOENT (No such file or directory)
21363 newfstatat(AT_FDCWD, "/opt/packit/lib/perl5/site_perl/5.42/x86_64-linux-thread-multi/parent.pm", 0x7ffffea30f90, 0) = -1 ENOENT (No such file or directory)
21363 newfstatat(AT_FDCWD, "/opt/packit/lib/perl5/site_perl/5.42/parent.pmc", 0x7ffffea30f90, 0) = -1 ENOENT (No such file or directory)
21363 newfstatat(AT_FDCWD, "/opt/packit/lib/perl5/site_perl/5.42/parent.pm", 0x7ffffea30f90, 0) = -1 ENOENT (No such file or directory)
21363 newfstatat(AT_FDCWD, "/opt/packit/lib/perl5/vendor_perl/5.42/x86_64-linux-thread-multi/parent.pmc", 0x7ffffea30f90, 0) = -1 ENOENT (No such file or directory)
21363 newfstatat(AT_FDCWD, "/opt/packit/lib/perl5/vendor_perl/5.42/x86_64-linux-thread-multi/parent.pm", 0x7ffffea30f90, 0) = -1 ENOENT (No such file or directory)
21363 newfstatat(AT_FDCWD, "/opt/packit/lib/perl5/vendor_perl/5.42/parent.pmc", 0x7ffffea30f90, 0) = -1 ENOENT (No such file or directory)
21363 newfstatat(AT_FDCWD, "/opt/packit/lib/perl5/vendor_perl/5.42/parent.pm", 0x7ffffea30f90, 0) = -1 ENOENT (No such file or directory)
21363 newfstatat(AT_FDCWD, "/opt/packit/packages/perl/5.42.2/lib/perl5//x86_64-linux-thread-multi/parent.pmc", 0x7ffffea30f90, 0) = -1 ENOENT (No such file or directory)
21363 newfstatat(AT_FDCWD, "/opt/packit/packages/perl/5.42.2/lib/perl5//x86_64-linux-thread-multi/parent.pm", 0x7ffffea30f90, 0) = -1 ENOENT (No such file or directory)
21363 newfstatat(AT_FDCWD, "/opt/packit/packages/perl/5.42.2/lib/perl5/parent.pmc", 0x7ffffea30f90, 0) = -1 ENOENT (No such file or directory)
21363 newfstatat(AT_FDCWD, "/opt/packit/packages/perl/5.42.2/lib/perl5/parent.pm", {st_mode=S_IFREG|0755, st_size=2775, ...}, 0) = 0
21363 openat(AT_FDCWD, "/opt/packit/packages/perl/5.42.2/lib/perl5/parent.pm", O_RDONLY|O_CLOEXEC) = 6
21363 ioctl(6, TCGETS, 0x7ffffea30d40)  = -1 ENOTTY (Inappropriate ioctl for device)
21363 lseek(6, 0, SEEK_CUR)             = 0
21363 read(6, "package parent;\nuse strict;\n\nour"..., 8192) = 2775
21363 lseek(6, 532, SEEK_SET)           = 532
21363 lseek(6, 0, SEEK_CUR)             = 532
21363 close(6)                          = 0
21363 read(5, "n be used to tell the OS\n# to au"..., 8192) = 8192
21363 read(5, "ym;\n      }\n\n      # Try to make"..., 8192) = 8192
21363 brk(0x55c71b831000)               = 0x55c71b831000
21363 read(5, " file\n  my ($volume, $directorie"..., 8192) = 8192
21363 brk(0x55c71b852000)               = 0x55c71b852000
21363 read(5, "terface for interacting with\n#po"..., 8192) = 8192
21363 read(5, "replaced with random letters to\n"..., 8192) = 8192
21363 read(5, " Unlink the file. It is up to un"..., 8192) = 8192
21363 brk(0x55c71b873000)               = 0x55c71b873000
21363 read(5, "                            \"ope"..., 8192) = 8192
21363 read(5, ") are compared).\n#pod Then the f"..., 8192) = 8192
21363 brk(0x55c71b894000)               = 0x55c71b894000
21363 read(5, "s set, this happens automaticall"..., 8192) = 8192
21363 read(5, "lves to give up if they exceed t"..., 8192) = 8192
21363 lseek(5, 85201, SEEK_SET)         = 85201
21363 lseek(5, 0, SEEK_CUR)             = 85201
21363 close(5)                          = 0
21363 newfstatat(AT_FDCWD, "/opt/packit/packages/autoconf/2.73/share/autoconf/Carp/Heavy.pmc", 0x7ffffea316a0, 0) = -1 ENOENT (No such file or directory)
21363 newfstatat(AT_FDCWD, "/opt/packit/packages/autoconf/2.73/share/autoconf/Carp/Heavy.pm", 0x7ffffea316a0, 0) = -1 ENOENT (No such file or directory)
21363 newfstatat(AT_FDCWD, "/opt/packit/lib/perl5/site_perl/5.42/x86_64-linux-thread-multi/Carp/Heavy.pmc", 0x7ffffea316a0, 0) = -1 ENOENT (No such file or directory)
21363 newfstatat(AT_FDCWD, "/opt/packit/lib/perl5/site_perl/5.42/x86_64-linux-thread-multi/Carp/Heavy.pm", 0x7ffffea316a0, 0) = -1 ENOENT (No such file or directory)
21363 newfstatat(AT_FDCWD, "/opt/packit/lib/perl5/site_perl/5.42/Carp/Heavy.pmc", 0x7ffffea316a0, 0) = -1 ENOENT (No such file or directory)
21363 newfstatat(AT_FDCWD, "/opt/packit/lib/perl5/site_perl/5.42/Carp/Heavy.pm", 0x7ffffea316a0, 0) = -1 ENOENT (No such file or directory)
21363 newfstatat(AT_FDCWD, "/opt/packit/lib/perl5/vendor_perl/5.42/x86_64-linux-thread-multi/Carp/Heavy.pmc", 0x7ffffea316a0, 0) = -1 ENOENT (No such file or directory)
21363 newfstatat(AT_FDCWD, "/opt/packit/lib/perl5/vendor_perl/5.42/x86_64-linux-thread-multi/Carp/Heavy.pm", 0x7ffffea316a0, 0) = -1 ENOENT (No such file or directory)
21363 newfstatat(AT_FDCWD, "/opt/packit/lib/perl5/vendor_perl/5.42/Carp/Heavy.pmc", 0x7ffffea316a0, 0) = -1 ENOENT (No such file or directory)
21363 newfstatat(AT_FDCWD, "/opt/packit/lib/perl5/vendor_perl/5.42/Carp/Heavy.pm", 0x7ffffea316a0, 0) = -1 ENOENT (No such file or directory)
21363 newfstatat(AT_FDCWD, "/opt/packit/packages/perl/5.42.2/lib/perl5//x86_64-linux-thread-multi/Carp/Heavy.pmc", 0x7ffffea316a0, 0) = -1 ENOENT (No such file or directory)
21363 newfstatat(AT_FDCWD, "/opt/packit/packages/perl/5.42.2/lib/perl5//x86_64-linux-thread-multi/Carp/Heavy.pm", 0x7ffffea316a0, 0) = -1 ENOENT (No such file or directory)
21363 newfstatat(AT_FDCWD, "/opt/packit/packages/perl/5.42.2/lib/perl5/Carp/Heavy.pmc", 0x7ffffea316a0, 0) = -1 ENOENT (No such file or directory)
21363 newfstatat(AT_FDCWD, "/opt/packit/packages/perl/5.42.2/lib/perl5/Carp/Heavy.pm", {st_mode=S_IFREG|0755, st_size=773, ...}, 0) = 0
21363 openat(AT_FDCWD, "/opt/packit/packages/perl/5.42.2/lib/perl5/Carp/Heavy.pm", O_RDONLY|O_CLOEXEC) = 5
21363 ioctl(5, TCGETS, 0x7ffffea31450)  = -1 ENOTTY (Inappropriate ioctl for device)
21363 lseek(5, 0, SEEK_CUR)             = 0
21363 read(5, "package Carp::Heavy;\n\nuse Carp ("..., 8192) = 773
21363 read(5, "", 8192)                 = 0
21363 close(5)                          = 0
21363 newfstatat(AT_FDCWD, "/opt/packit/packages/autoconf/2.73/share/autoconf/Autom4te/Getopt.pmc", 0x7ffffea316a0, 0) = -1 ENOENT (No such file or directory)
21363 newfstatat(AT_FDCWD, "/opt/packit/packages/autoconf/2.73/share/autoconf/Autom4te/Getopt.pm", {st_mode=S_IFREG|0755, st_size=2544, ...}, 0) = 0
21363 openat(AT_FDCWD, "/opt/packit/packages/autoconf/2.73/share/autoconf/Autom4te/Getopt.pm", O_RDONLY|O_CLOEXEC) = 5
21363 ioctl(5, TCGETS, 0x7ffffea31450)  = -1 ENOTTY (Inappropriate ioctl for device)
21363 lseek(5, 0, SEEK_CUR)             = 0
21363 read(5, "# Copyright (C) 2012-2025 Free S"..., 8192) = 2544
21363 newfstatat(AT_FDCWD, "/opt/packit/packages/autoconf/2.73/share/autoconf/Getopt/Long.pmc", 0x7ffffea30f90, 0) = -1 ENOENT (No such file or directory)
21363 newfstatat(AT_FDCWD, "/opt/packit/packages/autoconf/2.73/share/autoconf/Getopt/Long.pm", 0x7ffffea30f90, 0) = -1 ENOENT (No such file or directory)
21363 newfstatat(AT_FDCWD, "/opt/packit/lib/perl5/site_perl/5.42/x86_64-linux-thread-multi/Getopt/Long.pmc", 0x7ffffea30f90, 0) = -1 ENOENT (No such file or directory)
21363 newfstatat(AT_FDCWD, "/opt/packit/lib/perl5/site_perl/5.42/x86_64-linux-thread-multi/Getopt/Long.pm", 0x7ffffea30f90, 0) = -1 ENOENT (No such file or directory)
21363 newfstatat(AT_FDCWD, "/opt/packit/lib/perl5/site_perl/5.42/Getopt/Long.pmc", 0x7ffffea30f90, 0) = -1 ENOENT (No such file or directory)
21363 newfstatat(AT_FDCWD, "/opt/packit/lib/perl5/site_perl/5.42/Getopt/Long.pm", 0x7ffffea30f90, 0) = -1 ENOENT (No such file or directory)
21363 newfstatat(AT_FDCWD, "/opt/packit/lib/perl5/vendor_perl/5.42/x86_64-linux-thread-multi/Getopt/Long.pmc", 0x7ffffea30f90, 0) = -1 ENOENT (No such file or directory)
21363 newfstatat(AT_FDCWD, "/opt/packit/lib/perl5/vendor_perl/5.42/x86_64-linux-thread-multi/Getopt/Long.pm", 0x7ffffea30f90, 0) = -1 ENOENT (No such file or directory)
21363 newfstatat(AT_FDCWD, "/opt/packit/lib/perl5/vendor_perl/5.42/Getopt/Long.pmc", 0x7ffffea30f90, 0) = -1 ENOENT (No such file or directory)
21363 newfstatat(AT_FDCWD, "/opt/packit/lib/perl5/vendor_perl/5.42/Getopt/Long.pm", 0x7ffffea30f90, 0) = -1 ENOENT (No such file or directory)
21363 newfstatat(AT_FDCWD, "/opt/packit/packages/perl/5.42.2/lib/perl5//x86_64-linux-thread-multi/Getopt/Long.pmc", 0x7ffffea30f90, 0) = -1 ENOENT (No such file or directory)
21363 newfstatat(AT_FDCWD, "/opt/packit/packages/perl/5.42.2/lib/perl5//x86_64-linux-thread-multi/Getopt/Long.pm", 0x7ffffea30f90, 0) = -1 ENOENT (No such file or directory)
21363 newfstatat(AT_FDCWD, "/opt/packit/packages/perl/5.42.2/lib/perl5/Getopt/Long.pmc", 0x7ffffea30f90, 0) = -1 ENOENT (No such file or directory)
21363 newfstatat(AT_FDCWD, "/opt/packit/packages/perl/5.42.2/lib/perl5/Getopt/Long.pm", {st_mode=S_IFREG|0755, st_size=83079, ...}, 0) = 0
21363 openat(AT_FDCWD, "/opt/packit/packages/perl/5.42.2/lib/perl5/Getopt/Long.pm", O_RDONLY|O_CLOEXEC) = 6
21363 ioctl(6, TCGETS, 0x7ffffea30d40)  = -1 ENOTTY (Inappropriate ioctl for device)
21363 lseek(6, 0, SEEK_CUR)             = 0
21363 read(6, "#! perl\n\n# Getopt::Long.pm -- Un"..., 8192) = 8192
21363 newfstatat(AT_FDCWD, "/opt/packit/packages/autoconf/2.73/share/autoconf/base.pmc", 0x7ffffea30880, 0) = -1 ENOENT (No such file or directory)
21363 newfstatat(AT_FDCWD, "/opt/packit/packages/autoconf/2.73/share/autoconf/base.pm", 0x7ffffea30880, 0) = -1 ENOENT (No such file or directory)
21363 newfstatat(AT_FDCWD, "/opt/packit/lib/perl5/site_perl/5.42/x86_64-linux-thread-multi/base.pmc", 0x7ffffea30880, 0) = -1 ENOENT (No such file or directory)
21363 newfstatat(AT_FDCWD, "/opt/packit/lib/perl5/site_perl/5.42/x86_64-linux-thread-multi/base.pm", 0x7ffffea30880, 0) = -1 ENOENT (No such file or directory)
21363 newfstatat(AT_FDCWD, "/opt/packit/lib/perl5/site_perl/5.42/base.pmc", 0x7ffffea30880, 0) = -1 ENOENT (No such file or directory)
21363 newfstatat(AT_FDCWD, "/opt/packit/lib/perl5/site_perl/5.42/base.pm", 0x7ffffea30880, 0) = -1 ENOENT (No such file or directory)
21363 newfstatat(AT_FDCWD, "/opt/packit/lib/perl5/vendor_perl/5.42/x86_64-linux-thread-multi/base.pmc", 0x7ffffea30880, 0) = -1 ENOENT (No such file or directory)
21363 newfstatat(AT_FDCWD, "/opt/packit/lib/perl5/vendor_perl/5.42/x86_64-linux-thread-multi/base.pm", 0x7ffffea30880, 0) = -1 ENOENT (No such file or directory)
21363 newfstatat(AT_FDCWD, "/opt/packit/lib/perl5/vendor_perl/5.42/base.pmc", 0x7ffffea30880, 0) = -1 ENOENT (No such file or directory)
21363 newfstatat(AT_FDCWD, "/opt/packit/lib/perl5/vendor_perl/5.42/base.pm", 0x7ffffea30880, 0) = -1 ENOENT (No such file or directory)
21363 newfstatat(AT_FDCWD, "/opt/packit/packages/perl/5.42.2/lib/perl5//x86_64-linux-thread-multi/base.pmc", 0x7ffffea30880, 0) = -1 ENOENT (No such file or directory)
21363 newfstatat(AT_FDCWD, "/opt/packit/packages/perl/5.42.2/lib/perl5//x86_64-linux-thread-multi/base.pm", 0x7ffffea30880, 0) = -1 ENOENT (No such file or directory)
21363 newfstatat(AT_FDCWD, "/opt/packit/packages/perl/5.42.2/lib/perl5/base.pmc", 0x7ffffea30880, 0) = -1 ENOENT (No such file or directory)
21363 newfstatat(AT_FDCWD, "/opt/packit/packages/perl/5.42.2/lib/perl5/base.pm", {st_mode=S_IFREG|0755, st_size=10961, ...}, 0) = 0
21363 openat(AT_FDCWD, "/opt/packit/packages/perl/5.42.2/lib/perl5/base.pm", O_RDONLY|O_CLOEXEC) = 7
21363 ioctl(7, TCGETS, 0x7ffffea30630)  = -1 ENOTTY (Inappropriate ioctl for device)
21363 lseek(7, 0, SEEK_CUR)             = 0
21363 read(7, "use 5.008;\npackage base;\n\nuse st"..., 8192) = 8192
21363 brk(0x55c71b8b5000)               = 0x55c71b8b5000
21363 read(7, "ttribute\n    # (Public, Private,"..., 8192) = 2769
21363 brk(0x55c71b8d6000)               = 0x55c71b8d6000
21363 lseek(7, 8915, SEEK_SET)          = 8915
21363 lseek(7, 0, SEEK_CUR)             = 8915
21363 close(7)                          = 0
21363 brk(0x55c71b8f8000)               = 0x55c71b8f8000
21363 brk(0x55c71b8f5000)               = 0x55c71b8f5000
21363 read(6, "t ) {\n\tmy $opt = shift (@optionl"..., 8192) = 8192
21363 read(6, "  if ( defined $userlinkage->{$o"..., 8192) = 8192
21363 brk(0x55c71b916000)               = 0x55c71b916000
21363 brk(0x55c71b937000)               = 0x55c71b937000
21363 read(6, "( $opt, length($1) ); # retain t"..., 8192) = 8192
21363 read(6, "\t    unshift (@$argv, $arg);\n\t  "..., 8192) = 8192
21363 brk(0x55c71b958000)               = 0x55c71b958000
21363 brk(0x55c71b979000)               = 0x55c71b979000
21363 read(6, "annot load Pod::Usage\\n\");\n\n    "..., 8192) = 8192
21363 read(6, "oint\nnumbers, and strings.\n\nIf t"..., 8192) = 8192
21363 read(6, "I<desttype> ] [ I<repeat> ]\n\nThe"..., 8192) = 8192
21363 read(6, "\n    --vax\n\nwill set C<vax>.\n\nTh"..., 8192) = 8192
21363 read(6, "icitly\nspecified a version numbe"..., 8192) = 8192
21363 read(6, "ith Getopt::Long of at version 2"..., 8192) = 1159
21363 read(6, "", 8192)                 = 0
21363 close(6)                          = 0
21363 read(5, "", 8192)                 = 0
21363 close(5)                          = 0
21363 getuid()                          = 1000
21363 geteuid()                         = 1000
21363 getgid()                          = 1000
21363 getegid()                         = 1000
21363 read(4, "riends.org>E<gt>.\n\n=cut\n\n\n\n1; # "..., 8192) = 527
21363 read(4, "", 8192)                 = 0
21363 close(4)                          = 0
21363 getuid()                          = 1000
21363 geteuid()                         = 1000
21363 getgid()                          = 1000
21363 getegid()                         = 1000
21363 newfstatat(AT_FDCWD, "/opt/packit/packages/autoconf/2.73/share/autoconf/Autom4te/XFile.pmc", 0x7ffffea31db0, 0) = -1 ENOENT (No such file or directory)
21363 newfstatat(AT_FDCWD, "/opt/packit/packages/autoconf/2.73/share/autoconf/Autom4te/XFile.pm", {st_mode=S_IFREG|0755, st_size=7441, ...}, 0) = 0
21363 openat(AT_FDCWD, "/opt/packit/packages/autoconf/2.73/share/autoconf/Autom4te/XFile.pm", O_RDONLY|O_CLOEXEC) = 4
21363 ioctl(4, TCGETS, 0x7ffffea31b60)  = -1 ENOTTY (Inappropriate ioctl for device)
21363 lseek(4, 0, SEEK_CUR)             = 0
21363 read(4, "# Copyright (C) 2001-2025 Free S"..., 8192) = 7441
21363 brk(0x55c71b99a000)               = 0x55c71b99a000
21363 read(4, "", 8192)                 = 0
21363 close(4)                          = 0
21363 getuid()                          = 1000
21363 geteuid()                         = 1000
21363 getgid()                          = 1000
21363 getegid()                         = 1000
21363 read(3, "$mode.\n# Returns a list ($fh, $f"..., 8192) = 8192
21363 newfstatat(AT_FDCWD, "/opt/packit/packages/autoconf/2.73/share/autoconf/Text/ParseWords.pmc", 0x7ffffea31db0, 0) = -1 ENOENT (No such file or directory)
21363 newfstatat(AT_FDCWD, "/opt/packit/packages/autoconf/2.73/share/autoconf/Text/ParseWords.pm", 0x7ffffea31db0, 0) = -1 ENOENT (No such file or directory)
21363 newfstatat(AT_FDCWD, "/opt/packit/lib/perl5/site_perl/5.42/x86_64-linux-thread-multi/Text/ParseWords.pmc", 0x7ffffea31db0, 0) = -1 ENOENT (No such file or directory)
21363 newfstatat(AT_FDCWD, "/opt/packit/lib/perl5/site_perl/5.42/x86_64-linux-thread-multi/Text/ParseWords.pm", 0x7ffffea31db0, 0) = -1 ENOENT (No such file or directory)
21363 newfstatat(AT_FDCWD, "/opt/packit/lib/perl5/site_perl/5.42/Text/ParseWords.pmc", 0x7ffffea31db0, 0) = -1 ENOENT (No such file or directory)
21363 newfstatat(AT_FDCWD, "/opt/packit/lib/perl5/site_perl/5.42/Text/ParseWords.pm", 0x7ffffea31db0, 0) = -1 ENOENT (No such file or directory)
21363 newfstatat(AT_FDCWD, "/opt/packit/lib/perl5/vendor_perl/5.42/x86_64-linux-thread-multi/Text/ParseWords.pmc", 0x7ffffea31db0, 0) = -1 ENOENT (No such file or directory)
21363 newfstatat(AT_FDCWD, "/opt/packit/lib/perl5/vendor_perl/5.42/x86_64-linux-thread-multi/Text/ParseWords.pm", 0x7ffffea31db0, 0) = -1 ENOENT (No such file or directory)
21363 newfstatat(AT_FDCWD, "/opt/packit/lib/perl5/vendor_perl/5.42/Text/ParseWords.pmc", 0x7ffffea31db0, 0) = -1 ENOENT (No such file or directory)
21363 newfstatat(AT_FDCWD, "/opt/packit/lib/perl5/vendor_perl/5.42/Text/ParseWords.pm", 0x7ffffea31db0, 0) = -1 ENOENT (No such file or directory)
21363 newfstatat(AT_FDCWD, "/opt/packit/packages/perl/5.42.2/lib/perl5//x86_64-linux-thread-multi/Text/ParseWords.pmc", 0x7ffffea31db0, 0) = -1 ENOENT (No such file or directory)
21363 newfstatat(AT_FDCWD, "/opt/packit/packages/perl/5.42.2/lib/perl5//x86_64-linux-thread-multi/Text/ParseWords.pm", 0x7ffffea31db0, 0) = -1 ENOENT (No such file or directory)
21363 newfstatat(AT_FDCWD, "/opt/packit/packages/perl/5.42.2/lib/perl5/Text/ParseWords.pmc", 0x7ffffea31db0, 0) = -1 ENOENT (No such file or directory)
21363 newfstatat(AT_FDCWD, "/opt/packit/packages/perl/5.42.2/lib/perl5/Text/ParseWords.pm", {st_mode=S_IFREG|0755, st_size=8291, ...}, 0) = 0
21363 openat(AT_FDCWD, "/opt/packit/packages/perl/5.42.2/lib/perl5/Text/ParseWords.pm", O_RDONLY|O_CLOEXEC) = 4
21363 ioctl(4, TCGETS, 0x7ffffea31b60)  = -1 ENOTTY (Inappropriate ioctl for device)
21363 lseek(4, 0, SEEK_CUR)             = 0
21363 read(4, "package Text::ParseWords;\n\nuse s"..., 8192) = 8192
21363 brk(0x55c71b9bb000)               = 0x55c71b9bb000
21363 lseek(4, 4504, SEEK_SET)          = 4504
21363 lseek(4, 0, SEEK_CUR)             = 4504
21363 close(4)                          = 0
21363 getuid()                          = 1000
21363 geteuid()                         = 1000
21363 getgid()                          = 1000
21363 getegid()                         = 1000
21363 brk(0x55c71b9dc000)               = 0x55c71b9dc000
21363 read(3, "'\n\t   . (!exists $ENV{'AUTOM4TE_"..., 8192) = 8192
21363 brk(0x55c71b9fd000)               = 0x55c71b9fd000
21363 read(3, ")])\n  define([at_star],    [_$0("..., 8192) = 8192
21363 brk(0x55c71ba1e000)               = 0x55c71ba1e000
21363 read(3, "if (i) the user wants it (--forc"..., 8192) = 2418
21363 read(3, "", 8192)                 = 0
21363 close(3)                          = 0
21363 pipe2([3, 4], O_CLOEXEC)          = 0
21363 fcntl(3, F_GETFD)                 = 0x1 (flags FD_CLOEXEC)
21363 rt_sigprocmask(SIG_BLOCK, [CHLD], [], 8) = 0
21363 clone(child_stack=NULL, flags=CLONE_CHILD_CLEARTID|CLONE_CHILD_SETTID|SIGCHLD, child_tidptr=0x7fbe87c296d0) = 21364
21363 close(4 <unfinished ...>
21364 set_robust_list(0x7fbe87c296e0, 24 <unfinished ...>
21363 <... close resumed>)              = 0
21363 rt_sigaction(SIGINT, {sa_handler=SIG_IGN, sa_mask=[], sa_flags=SA_RESTORER, sa_restorer=0x7fbe87445330}, {sa_handler=SIG_DFL, sa_mask=[], sa_flags=0}, 8) = 0
21364 <... set_robust_list resumed>)    = 0
21363 rt_sigaction(SIGQUIT, {sa_handler=SIG_IGN, sa_mask=[], sa_flags=SA_RESTORER, sa_restorer=0x7fbe87445330}, {sa_handler=SIG_DFL, sa_mask=[], sa_flags=0}, 8) = 0
21363 wait4(21364,  <unfinished ...>
21364 rt_sigprocmask(SIG_SETMASK, [], NULL, 8) = 0
21364 close(3)                          = 0
21364 rt_sigaction(SIGFPE, {sa_handler=SIG_DFL, sa_mask=[], sa_flags=SA_RESTORER, sa_restorer=0x7fbe87445330}, {sa_handler=SIG_IGN, sa_mask=[FPE], sa_flags=SA_RESTORER|SA_RESTART, sa_restorer=0x7fbe87445330}, 8) = 0
21364 execve("/bin/sh", ["sh", "-c", "/opt/packit/packages/m4/1.4.21/b"...], 0x55c71b27ee10 /* 69 vars */) = 0
21364 brk(NULL)                         = 0x5587a13dd000
21364 mmap(NULL, 8192, PROT_READ|PROT_WRITE, MAP_PRIVATE|MAP_ANONYMOUS, -1, 0) = 0x7fbd6d1ee000
21364 access("/etc/ld.so.preload", R_OK) = -1 ENOENT (No such file or directory)
21364 openat(AT_FDCWD, "/etc/ld.so.cache", O_RDONLY|O_CLOEXEC) = 3
21364 fstat(3, {st_mode=S_IFREG|0644, st_size=71083, ...}) = 0
21364 mmap(NULL, 71083, PROT_READ, MAP_PRIVATE, 3, 0) = 0x7fbd6d1dc000
21364 close(3)                          = 0
21364 openat(AT_FDCWD, "/lib/x86_64-linux-gnu/libc.so.6", O_RDONLY|O_CLOEXEC) = 3
21364 read(3, "\177ELF\2\1\1\3\0\0\0\0\0\0\0\0\3\0>\0\1\0\0\0\220\243\2\0\0\0\0\0"..., 832) = 832
21364 pread64(3, "\6\0\0\0\4\0\0\0@\0\0\0\0\0\0\0@\0\0\0\0\0\0\0@\0\0\0\0\0\0\0"..., 784, 64) = 784
21364 fstat(3, {st_mode=S_IFREG|0755, st_size=2125328, ...}) = 0
21364 pread64(3, "\6\0\0\0\4\0\0\0@\0\0\0\0\0\0\0@\0\0\0\0\0\0\0@\0\0\0\0\0\0\0"..., 784, 64) = 784
21364 mmap(NULL, 2170256, PROT_READ, MAP_PRIVATE|MAP_DENYWRITE, 3, 0) = 0x7fbd6ce00000
21364 mmap(0x7fbd6ce28000, 1605632, PROT_READ|PROT_EXEC, MAP_PRIVATE|MAP_FIXED|MAP_DENYWRITE, 3, 0x28000) = 0x7fbd6ce28000
21364 mmap(0x7fbd6cfb0000, 323584, PROT_READ, MAP_PRIVATE|MAP_FIXED|MAP_DENYWRITE, 3, 0x1b0000) = 0x7fbd6cfb0000
21364 mmap(0x7fbd6cfff000, 24576, PROT_READ|PROT_WRITE, MAP_PRIVATE|MAP_FIXED|MAP_DENYWRITE, 3, 0x1fe000) = 0x7fbd6cfff000
21364 mmap(0x7fbd6d005000, 52624, PROT_READ|PROT_WRITE, MAP_PRIVATE|MAP_FIXED|MAP_ANONYMOUS, -1, 0) = 0x7fbd6d005000
21364 close(3)                          = 0
21364 mmap(NULL, 12288, PROT_READ|PROT_WRITE, MAP_PRIVATE|MAP_ANONYMOUS, -1, 0) = 0x7fbd6d1d9000
21364 arch_prctl(ARCH_SET_FS, 0x7fbd6d1d9740) = 0
21364 set_tid_address(0x7fbd6d1d9a10)   = 21364
21364 set_robust_list(0x7fbd6d1d9a20, 24) = 0
21364 rseq(0x7fbd6d1da060, 0x20, 0, 0x53053053) = 0
21364 mprotect(0x7fbd6cfff000, 16384, PROT_READ) = 0
21364 mprotect(0x55878b20b000, 8192, PROT_READ) = 0
21364 mprotect(0x7fbd6d22e000, 8192, PROT_READ) = 0
21364 prlimit64(0, RLIMIT_STACK, NULL, {rlim_cur=8192*1024, rlim_max=RLIM64_INFINITY}) = 0
21364 munmap(0x7fbd6d1dc000, 71083)     = 0
21364 getuid()                          = 1000
21364 getgid()                          = 1000
21364 getpid()                          = 21364
21364 rt_sigaction(SIGCHLD, {sa_handler=0x55878b200cd0, sa_mask=~[RTMIN RT_1], sa_flags=SA_RESTORER, sa_restorer=0x7fbd6ce45330}, NULL, 8) = 0
21364 geteuid()                         = 1000
21364 getrandom("\x62\x09\xfd\x5a\xad\x78\x5d\xbf", 8, GRND_NONBLOCK) = 8
21364 brk(NULL)                         = 0x5587a13dd000
21364 brk(0x5587a13fe000)               = 0x5587a13fe000
21364 getppid()                         = 21363
21364 newfstatat(AT_FDCWD, "/home/m/Documents/core", {st_mode=S_IFDIR|0775, st_size=4096, ...}, 0) = 0
21364 newfstatat(AT_FDCWD, ".", {st_mode=S_IFDIR|0775, st_size=4096, ...}, 0) = 0
21364 geteuid()                         = 1000
21364 getegid()                         = 1000
21364 rt_sigaction(SIGINT, NULL, {sa_handler=SIG_DFL, sa_mask=[], sa_flags=0}, 8) = 0
21364 rt_sigaction(SIGINT, {sa_handler=0x55878b200cd0, sa_mask=~[RTMIN RT_1], sa_flags=SA_RESTORER, sa_restorer=0x7fbd6ce45330}, NULL, 8) = 0
21364 rt_sigaction(SIGQUIT, NULL, {sa_handler=SIG_DFL, sa_mask=[], sa_flags=0}, 8) = 0
21364 rt_sigaction(SIGQUIT, {sa_handler=SIG_DFL, sa_mask=~[RTMIN RT_1], sa_flags=SA_RESTORER, sa_restorer=0x7fbd6ce45330}, NULL, 8) = 0
21364 rt_sigaction(SIGTERM, NULL, {sa_handler=SIG_DFL, sa_mask=[], sa_flags=0}, 8) = 0
21364 rt_sigaction(SIGTERM, {sa_handler=SIG_DFL, sa_mask=~[RTMIN RT_1], sa_flags=SA_RESTORER, sa_restorer=0x7fbd6ce45330}, NULL, 8) = 0
21364 pipe2([3, 4], 0)                  = 0
21364 clone(child_stack=NULL, flags=CLONE_CHILD_CLEARTID|CLONE_CHILD_SETTID|SIGCHLD, child_tidptr=0x7fbd6d1d9a10) = 21365
21364 close(4)                          = 0
21365 set_robust_list(0x7fbd6d1d9a20, 24 <unfinished ...>
21364 newfstatat(AT_FDCWD, "/opt/packit/bin/grep",  <unfinished ...>
21365 <... set_robust_list resumed>)    = 0
21364 <... newfstatat resumed>0x7ffe98394130, 0) = -1 ENOENT (No such file or directory)
21364 newfstatat(AT_FDCWD, "/opt/packit/bin/grep", 0x7ffe98394130, 0) = -1 ENOENT (No such file or directory)
21364 newfstatat(AT_FDCWD, "/home/m/.cargo/bin/grep", 0x7ffe98394130, 0) = -1 ENOENT (No such file or directory)
21365 close(3 <unfinished ...>
21364 newfstatat(AT_FDCWD, "/usr/local/sbin/grep",  <unfinished ...>
21365 <... close resumed>)              = 0
21364 <... newfstatat resumed>0x7ffe98394130, 0) = -1 ENOENT (No such file or directory)
21364 newfstatat(AT_FDCWD, "/usr/local/bin/grep", 0x7ffe98394130, 0) = -1 ENOENT (No such file or directory)
21364 newfstatat(AT_FDCWD, "/usr/sbin/grep",  <unfinished ...>
21365 dup2(4, 1 <unfinished ...>
21364 <... newfstatat resumed>0x7ffe98394130, 0) = -1 ENOENT (No such file or directory)
21365 <... dup2 resumed>)               = 1
21364 newfstatat(AT_FDCWD, "/usr/bin/grep",  <unfinished ...>
21365 close(4 <unfinished ...>
21364 <... newfstatat resumed>{st_mode=S_IFREG|0755, st_size=186824, ...}, 0) = 0
21365 <... close resumed>)              = 0
21364 clone(child_stack=NULL, flags=CLONE_CHILD_CLEARTID|CLONE_CHILD_SETTID|SIGCHLD <unfinished ...>
21365 openat(AT_FDCWD, "/dev/null", O_RDONLY) = 3
21365 fcntl(0, F_DUPFD, 10)             = 10
21364 <... clone resumed>, child_tidptr=0x7fbd6d1d9a10) = 21366
21365 close(0)                          = 0
21364 close(3 <unfinished ...>
21365 fcntl(10, F_SETFD, FD_CLOEXEC <unfinished ...>
21364 <... close resumed>)              = 0
21365 <... fcntl resumed>)              = 0
21364 close(-1 <unfinished ...>
21366 set_robust_list(0x7fbd6d1d9a20, 24 <unfinished ...>
21365 dup2(3, 0 <unfinished ...>
21364 <... close resumed>)              = -1 EBADF (Bad file descriptor)
21365 <... dup2 resumed>)               = 0
21366 <... set_robust_list resumed>)    = 0
21365 close(3 <unfinished ...>
21364 wait4(-1,  <unfinished ...>
21365 <... close resumed>)              = 0
21365 fcntl(2, F_DUPFD, 10)             = 11
21365 close(2 <unfinished ...>
21366 dup2(3, 0 <unfinished ...>
21365 <... close resumed>)              = 0
21365 fcntl(11, F_SETFD, FD_CLOEXEC <unfinished ...>
21366 <... dup2 resumed>)               = 0
21365 <... fcntl resumed>)              = 0
21366 close(3 <unfinished ...>
21365 dup2(1, 2 <unfinished ...>
21366 <... close resumed>)              = 0
21365 <... dup2 resumed>)               = 2
21365 execve("/opt/packit/packages/m4/1.4.21/bin/m4", ["/opt/packit/packages/m4/1.4.21/b"..., "--help"], 0x5587a13de3c8 /* 69 vars */ <unfinished ...>
21366 openat(AT_FDCWD, "/dev/null", O_WRONLY|O_CREAT|O_TRUNC, 0666) = 3
21366 fcntl(1, F_DUPFD, 10)             = 10
21366 close(1)                          = 0
21366 fcntl(10, F_SETFD, FD_CLOEXEC)    = 0
21366 dup2(3, 1)                        = 1
21366 close(3)                          = 0
21366 execve("/usr/bin/grep", ["grep", "reload-state"], 0x5587a13de3f8 /* 69 vars */ <unfinished ...>
21365 <... execve resumed>)             = 0
21365 brk(NULL)                         = 0x556a8ba29000
21365 mmap(NULL, 8192, PROT_READ|PROT_WRITE, MAP_PRIVATE|MAP_ANONYMOUS, -1, 0) = 0x7f2980e2f000
21365 access("/etc/ld.so.preload", R_OK) = -1 ENOENT (No such file or directory)
21366 <... execve resumed>)             = 0
21365 openat(AT_FDCWD, "/etc/ld.so.cache", O_RDONLY|O_CLOEXEC) = 3
21366 brk(NULL <unfinished ...>
21365 fstat(3,  <unfinished ...>
21366 <... brk resumed>)                = 0x564a34817000
21365 <... fstat resumed>{st_mode=S_IFREG|0644, st_size=71083, ...}) = 0
21365 mmap(NULL, 71083, PROT_READ, MAP_PRIVATE, 3, 0 <unfinished ...>
21366 mmap(NULL, 8192, PROT_READ|PROT_WRITE, MAP_PRIVATE|MAP_ANONYMOUS, -1, 0 <unfinished ...>
21365 <... mmap resumed>)               = 0x7f2980e1d000
21366 <... mmap resumed>)               = 0x7f881c28a000
21365 close(3 <unfinished ...>
21366 access("/etc/ld.so.preload", R_OK <unfinished ...>
21365 <... close resumed>)              = 0
21366 <... access resumed>)             = -1 ENOENT (No such file or directory)
21365 openat(AT_FDCWD, "/lib/x86_64-linux-gnu/libc.so.6", O_RDONLY|O_CLOEXEC <unfinished ...>
21366 openat(AT_FDCWD, "/etc/ld.so.cache", O_RDONLY|O_CLOEXEC <unfinished ...>
21365 <... openat resumed>)             = 3
21366 <... openat resumed>)             = 3
21365 read(3,  <unfinished ...>
21366 fstat(3,  <unfinished ...>
21365 <... read resumed>"\177ELF\2\1\1\3\0\0\0\0\0\0\0\0\3\0>\0\1\0\0\0\220\243\2\0\0\0\0\0"..., 832) = 832
21366 <... fstat resumed>{st_mode=S_IFREG|0644, st_size=71083, ...}) = 0
21365 pread64(3,  <unfinished ...>
21366 mmap(NULL, 71083, PROT_READ, MAP_PRIVATE, 3, 0 <unfinished ...>
21365 <... pread64 resumed>"\6\0\0\0\4\0\0\0@\0\0\0\0\0\0\0@\0\0\0\0\0\0\0@\0\0\0\0\0\0\0"..., 784, 64) = 784
21366 <... mmap resumed>)               = 0x7f881c278000
21365 fstat(3,  <unfinished ...>
21366 close(3 <unfinished ...>
21365 <... fstat resumed>{st_mode=S_IFREG|0755, st_size=2125328, ...}) = 0
21366 <... close resumed>)              = 0
21365 pread64(3,  <unfinished ...>
21366 openat(AT_FDCWD, "/opt/packit/lib/libpcre2-8.so.0", O_RDONLY|O_CLOEXEC <unfinished ...>
21365 <... pread64 resumed>"\6\0\0\0\4\0\0\0@\0\0\0\0\0\0\0@\0\0\0\0\0\0\0@\0\0\0\0\0\0\0"..., 784, 64) = 784
21366 <... openat resumed>)             = 3
21365 mmap(NULL, 2170256, PROT_READ, MAP_PRIVATE|MAP_DENYWRITE, 3, 0 <unfinished ...>
21366 read(3, "\177ELF\2\1\1\0\0\0\0\0\0\0\0\0\3\0>\0\1\0\0\0\0\0\0\0\0\0\0\0"..., 832) = 832
21365 <... mmap resumed>)               = 0x7f2980c00000
21366 fstat(3,  <unfinished ...>
21365 mmap(0x7f2980c28000, 1605632, PROT_READ|PROT_EXEC, MAP_PRIVATE|MAP_FIXED|MAP_DENYWRITE, 3, 0x28000 <unfinished ...>
21366 <... fstat resumed>{st_mode=S_IFREG|0755, st_size=724400, ...}) = 0
21366 mmap(NULL, 705384, PROT_READ, MAP_PRIVATE|MAP_DENYWRITE, 3, 0 <unfinished ...>
21365 <... mmap resumed>)               = 0x7f2980c28000
21366 <... mmap resumed>)               = 0x7f881c1cb000
21365 mmap(0x7f2980db0000, 323584, PROT_READ, MAP_PRIVATE|MAP_FIXED|MAP_DENYWRITE, 3, 0x1b0000 <unfinished ...>
21366 mmap(0x7f881c1ce000, 495616, PROT_READ|PROT_EXEC, MAP_PRIVATE|MAP_FIXED|MAP_DENYWRITE, 3, 0x3000) = 0x7f881c1ce000
21365 <... mmap resumed>)               = 0x7f2980db0000
21366 mmap(0x7f881c247000, 192512, PROT_READ, MAP_PRIVATE|MAP_FIXED|MAP_DENYWRITE, 3, 0x7c000 <unfinished ...>
21365 mmap(0x7f2980dff000, 24576, PROT_READ|PROT_WRITE, MAP_PRIVATE|MAP_FIXED|MAP_DENYWRITE, 3, 0x1fe000 <unfinished ...>
21366 <... mmap resumed>)               = 0x7f881c247000
21365 <... mmap resumed>)               = 0x7f2980dff000
21366 mmap(0x7f881c276000, 8192, PROT_READ|PROT_WRITE, MAP_PRIVATE|MAP_FIXED|MAP_DENYWRITE, 3, 0xaa000 <unfinished ...>
21365 mmap(0x7f2980e05000, 52624, PROT_READ|PROT_WRITE, MAP_PRIVATE|MAP_FIXED|MAP_ANONYMOUS, -1, 0 <unfinished ...>
21366 <... mmap resumed>)               = 0x7f881c276000
21365 <... mmap resumed>)               = 0x7f2980e05000
21366 close(3 <unfinished ...>
21365 close(3 <unfinished ...>
21366 <... close resumed>)              = 0
21365 <... close resumed>)              = 0
21366 openat(AT_FDCWD, "/lib/x86_64-linux-gnu/libc.so.6", O_RDONLY|O_CLOEXEC <unfinished ...>
21365 mmap(NULL, 12288, PROT_READ|PROT_WRITE, MAP_PRIVATE|MAP_ANONYMOUS, -1, 0 <unfinished ...>
21366 <... openat resumed>)             = 3
21365 <... mmap resumed>)               = 0x7f2980e1a000
21366 read(3, "\177ELF\2\1\1\3\0\0\0\0\0\0\0\0\3\0>\0\1\0\0\0\220\243\2\0\0\0\0\0"..., 832) = 832
21365 arch_prctl(ARCH_SET_FS, 0x7f2980e1a740 <unfinished ...>
21366 pread64(3,  <unfinished ...>
21365 <... arch_prctl resumed>)         = 0
21366 <... pread64 resumed>"\6\0\0\0\4\0\0\0@\0\0\0\0\0\0\0@\0\0\0\0\0\0\0@\0\0\0\0\0\0\0"..., 784, 64) = 784
21365 set_tid_address(0x7f2980e1aa10 <unfinished ...>
21366 fstat(3,  <unfinished ...>
21365 <... set_tid_address resumed>)    = 21365
21366 <... fstat resumed>{st_mode=S_IFREG|0755, st_size=2125328, ...}) = 0
21365 set_robust_list(0x7f2980e1aa20, 24 <unfinished ...>
21366 pread64(3,  <unfinished ...>
21365 <... set_robust_list resumed>)    = 0
21366 <... pread64 resumed>"\6\0\0\0\4\0\0\0@\0\0\0\0\0\0\0@\0\0\0\0\0\0\0@\0\0\0\0\0\0\0"..., 784, 64) = 784
21365 rseq(0x7f2980e1b060, 0x20, 0, 0x53053053 <unfinished ...>
21366 mmap(NULL, 2170256, PROT_READ, MAP_PRIVATE|MAP_DENYWRITE, 3, 0 <unfinished ...>
21365 <... rseq resumed>)               = 0
21366 <... mmap resumed>)               = 0x7f881be00000
21366 mmap(0x7f881be28000, 1605632, PROT_READ|PROT_EXEC, MAP_PRIVATE|MAP_FIXED|MAP_DENYWRITE, 3, 0x28000) = 0x7f881be28000
21366 mmap(0x7f881bfb0000, 323584, PROT_READ, MAP_PRIVATE|MAP_FIXED|MAP_DENYWRITE, 3, 0x1b0000 <unfinished ...>
21365 mprotect(0x7f2980dff000, 16384, PROT_READ <unfinished ...>
21366 <... mmap resumed>)               = 0x7f881bfb0000
21366 mmap(0x7f881bfff000, 24576, PROT_READ|PROT_WRITE, MAP_PRIVATE|MAP_FIXED|MAP_DENYWRITE, 3, 0x1fe000 <unfinished ...>
21365 <... mprotect resumed>)           = 0
21366 <... mmap resumed>)               = 0x7f881bfff000
21366 mmap(0x7f881c005000, 52624, PROT_READ|PROT_WRITE, MAP_PRIVATE|MAP_FIXED|MAP_ANONYMOUS, -1, 0) = 0x7f881c005000
21365 mprotect(0x556a5725d000, 8192, PROT_READ <unfinished ...>
21366 close(3 <unfinished ...>
21365 <... mprotect resumed>)           = 0
21366 <... close resumed>)              = 0
21365 mprotect(0x7f2980e6f000, 8192, PROT_READ) = 0
21366 mmap(NULL, 12288, PROT_READ|PROT_WRITE, MAP_PRIVATE|MAP_ANONYMOUS, -1, 0) = 0x7f881c1c8000
21365 prlimit64(0, RLIMIT_STACK, NULL, {rlim_cur=8192*1024, rlim_max=RLIM64_INFINITY}) = 0
21366 arch_prctl(ARCH_SET_FS, 0x7f881c1c8740) = 0
21365 munmap(0x7f2980e1d000, 71083 <unfinished ...>
21366 set_tid_address(0x7f881c1c8a10)   = 21366
21365 <... munmap resumed>)             = 0
21366 set_robust_list(0x7f881c1c8a20, 24) = 0
21366 rseq(0x7f881c1c9060, 0x20, 0, 0x53053053) = 0
21365 getrandom("\x22\xcf\xde\x60\xb0\xed\xfa\xd4", 8, GRND_NONBLOCK) = 8
21365 brk(NULL)                         = 0x556a8ba29000
21365 brk(0x556a8ba4a000 <unfinished ...>
21366 mprotect(0x7f881bfff000, 16384, PROT_READ <unfinished ...>
21365 <... brk resumed>)                = 0x556a8ba4a000
21366 <... mprotect resumed>)           = 0
21365 openat(AT_FDCWD, "/usr/lib/locale/locale-archive", O_RDONLY|O_CLOEXEC <unfinished ...>
21366 mprotect(0x7f881c276000, 4096, PROT_READ) = 0
21365 <... openat resumed>)             = 3
21365 fstat(3, {st_mode=S_IFREG|0644, st_size=5723792, ...}) = 0
21365 mmap(NULL, 5723792, PROT_READ, MAP_PRIVATE, 3, 0 <unfinished ...>
21366 mprotect(0x564a17ddc000, 8192, PROT_READ) = 0
21365 <... mmap resumed>)               = 0x7f2980600000
21366 mprotect(0x7f881c2ca000, 8192, PROT_READ <unfinished ...>
21365 close(3 <unfinished ...>
21366 <... mprotect resumed>)           = 0
21365 <... close resumed>)              = 0
21366 prlimit64(0, RLIMIT_STACK, NULL, {rlim_cur=8192*1024, rlim_max=RLIM64_INFINITY}) = 0
21366 munmap(0x7f881c278000, 71083 <unfinished ...>
21365 fstat(1, {st_mode=S_IFIFO|0600, st_size=0, ...}) = 0
21366 <... munmap resumed>)             = 0
21365 fstat(2, {st_mode=S_IFIFO|0600, st_size=0, ...}) = 0
21366 getrandom( <unfinished ...>
21365 openat(AT_FDCWD, "/usr/share/locale/locale.alias", O_RDONLY|O_CLOEXEC <unfinished ...>
21366 <... getrandom resumed>"\x9f\x2a\x53\x76\x41\x15\xd7\xc5", 8, GRND_NONBLOCK) = 8
21365 <... openat resumed>)             = 3
21366 brk(NULL)                         = 0x564a34817000
21365 fstat(3,  <unfinished ...>
21366 brk(0x564a34838000 <unfinished ...>
21365 <... fstat resumed>{st_mode=S_IFREG|0644, st_size=2996, ...}) = 0
21366 <... brk resumed>)                = 0x564a34838000
21365 read(3,  <unfinished ...>
21366 openat(AT_FDCWD, "/usr/lib/locale/locale-archive", O_RDONLY|O_CLOEXEC <unfinished ...>
21365 <... read resumed>"# Locale name alias data base.\n#"..., 4096) = 2996
21366 <... openat resumed>)             = 3
21366 fstat(3,  <unfinished ...>
21365 read(3,  <unfinished ...>
21366 <... fstat resumed>{st_mode=S_IFREG|0644, st_size=5723792, ...}) = 0
21365 <... read resumed>"", 4096)       = 0
21366 mmap(NULL, 5723792, PROT_READ, MAP_PRIVATE, 3, 0 <unfinished ...>
21365 close(3 <unfinished ...>
21366 <... mmap resumed>)               = 0x7f881b800000
21365 <... close resumed>)              = 0
21366 close(3 <unfinished ...>
21365 openat(AT_FDCWD, "/opt/packit/packages/m4/1.4.21/share/locale/en_US/LC_MESSAGES/m4.mo", O_RDONLY <unfinished ...>
21366 <... close resumed>)              = 0
21365 <... openat resumed>)             = -1 ENOENT (No such file or directory)
21365 openat(AT_FDCWD, "/opt/packit/packages/m4/1.4.21/share/locale/en/LC_MESSAGES/m4.mo", O_RDONLY <unfinished ...>
21366 openat(AT_FDCWD, "/usr/lib/x86_64-linux-gnu/gconv/gconv-modules.cache", O_RDONLY|O_CLOEXEC <unfinished ...>
21365 <... openat resumed>)             = -1 ENOENT (No such file or directory)
21366 <... openat resumed>)             = 3
21365 openat(AT_FDCWD, "/usr/share/locale-langpack/en_US/LC_MESSAGES/m4.mo", O_RDONLY <unfinished ...>
21366 fstat(3, {st_mode=S_IFREG|0644, st_size=27028, ...}) = 0
21365 <... openat resumed>)             = -1 ENOENT (No such file or directory)
21366 mmap(NULL, 27028, PROT_READ, MAP_SHARED, 3, 0 <unfinished ...>
21365 openat(AT_FDCWD, "/usr/share/locale-langpack/en/LC_MESSAGES/m4.mo", O_RDONLY <unfinished ...>
21366 <... mmap resumed>)               = 0x7f881c283000
21365 <... openat resumed>)             = -1 ENOENT (No such file or directory)
21366 close(3)                          = 0
21365 openat(AT_FDCWD, "/usr/share/locale/en_US/LC_MESSAGES/libc.mo", O_RDONLY <unfinished ...>
21366 futex(0x7f881c00472c, FUTEX_WAKE_PRIVATE, 2147483647 <unfinished ...>
21365 <... openat resumed>)             = -1 ENOENT (No such file or directory)
21366 <... futex resumed>)              = 0
21365 openat(AT_FDCWD, "/usr/share/locale/en/LC_MESSAGES/libc.mo", O_RDONLY) = -1 ENOENT (No such file or directory)
21365 openat(AT_FDCWD, "/usr/share/locale-langpack/en_US/LC_MESSAGES/libc.mo", O_RDONLY <unfinished ...>
21366 openat(AT_FDCWD, "/usr/share/locale/locale.alias", O_RDONLY|O_CLOEXEC <unfinished ...>
21365 <... openat resumed>)             = -1 ENOENT (No such file or directory)
21366 <... openat resumed>)             = 3
21365 openat(AT_FDCWD, "/usr/share/locale-langpack/en/LC_MESSAGES/libc.mo", O_RDONLY <unfinished ...>
21366 fstat(3,  <unfinished ...>
21365 <... openat resumed>)             = -1 ENOENT (No such file or directory)
21366 <... fstat resumed>{st_mode=S_IFREG|0644, st_size=2996, ...}) = 0
21365 rt_sigaction(SIGSEGV, {sa_handler=0x556a5722f950, sa_mask=[], sa_flags=SA_RESTORER|SA_NODEFER|SA_RESETHAND|0xffffffff00000000, sa_restorer=0x7f2980c45330},  <unfinished ...>
21366 read(3,  <unfinished ...>
21365 <... rt_sigaction resumed>NULL, 8) = 0
21366 <... read resumed>"# Locale name alias data base.\n#"..., 4096) = 2996
21365 rt_sigaction(SIGABRT, {sa_handler=0x556a5722f950, sa_mask=[], sa_flags=SA_RESTORER|SA_NODEFER|SA_RESETHAND|0xffffffff00000000, sa_restorer=0x7f2980c45330}, NULL, 8) = 0
21366 read(3,  <unfinished ...>
21365 rt_sigaction(SIGILL, {sa_handler=0x556a5722f950, sa_mask=[], sa_flags=SA_RESTORER|SA_NODEFER|SA_RESETHAND|0xffffffff00000000, sa_restorer=0x7f2980c45330},  <unfinished ...>
21366 <... read resumed>"", 4096)       = 0
21365 <... rt_sigaction resumed>NULL, 8) = 0
21366 close(3 <unfinished ...>
21365 rt_sigaction(SIGFPE, {sa_handler=0x556a5722f950, sa_mask=[], sa_flags=SA_RESTORER|SA_NODEFER|SA_RESETHAND|0xffffffff00000000, sa_restorer=0x7f2980c45330},  <unfinished ...>
21366 <... close resumed>)              = 0
21365 <... rt_sigaction resumed>NULL, 8) = 0
21366 openat(AT_FDCWD, "/usr/share/locale/en_US/LC_MESSAGES/grep.mo", O_RDONLY <unfinished ...>
21365 rt_sigaction(SIGBUS, {sa_handler=0x556a5722f950, sa_mask=[], sa_flags=SA_RESTORER|SA_NODEFER|SA_RESETHAND|0xffffffff00000000, sa_restorer=0x7f2980c45330},  <unfinished ...>
21366 <... openat resumed>)             = -1 ENOENT (No such file or directory)
21365 <... rt_sigaction resumed>NULL, 8) = 0
21366 openat(AT_FDCWD, "/usr/share/locale/en/LC_MESSAGES/grep.mo", O_RDONLY <unfinished ...>
21365 openat(AT_FDCWD, "/usr/share/locale/en_US/LC_MESSAGES/gnulib.mo", O_RDONLY <unfinished ...>
21366 <... openat resumed>)             = -1 ENOENT (No such file or directory)
21365 <... openat resumed>)             = -1 ENOENT (No such file or directory)
21366 openat(AT_FDCWD, "/usr/share/locale-langpack/en_US/LC_MESSAGES/grep.mo", O_RDONLY <unfinished ...>
21365 openat(AT_FDCWD, "/usr/share/locale/en/LC_MESSAGES/gnulib.mo", O_RDONLY <unfinished ...>
21366 <... openat resumed>)             = -1 ENOENT (No such file or directory)
21365 <... openat resumed>)             = -1 ENOENT (No such file or directory)
21366 openat(AT_FDCWD, "/usr/share/locale-langpack/en/LC_MESSAGES/grep.mo", O_RDONLY <unfinished ...>
21365 openat(AT_FDCWD, "/usr/share/locale-langpack/en_US/LC_MESSAGES/gnulib.mo", O_RDONLY <unfinished ...>
21366 <... openat resumed>)             = -1 ENOENT (No such file or directory)
21365 <... openat resumed>)             = -1 ENOENT (No such file or directory)
21366 openat(AT_FDCWD, "/proc/self/maps", O_RDONLY <unfinished ...>
21365 openat(AT_FDCWD, "/usr/share/locale-langpack/en/LC_MESSAGES/gnulib.mo", O_RDONLY) = -1 ENOENT (No such file or directory)
21366 <... openat resumed>)             = 3
21365 openat(AT_FDCWD, "/proc/self/maps", O_RDONLY <unfinished ...>
21366 mmap(NULL, 8192, PROT_READ|PROT_WRITE, MAP_PRIVATE|MAP_ANONYMOUS, -1, 0) = 0x7f881c281000
21365 <... openat resumed>)             = 3
21366 lseek(3, 0, SEEK_SET <unfinished ...>
21365 mmap(NULL, 8192, PROT_READ|PROT_WRITE, MAP_PRIVATE|MAP_ANONYMOUS, -1, 0 <unfinished ...>
21366 <... lseek resumed>)              = 0
21366 read(3,  <unfinished ...>
21365 <... mmap resumed>)               = 0x7f2980e2d000
21365 lseek(3, 0, SEEK_SET)             = 0
21366 <... read resumed>"564a17db0000-564a17db4000 r--p 0"..., 8192) = 3117
21365 read(3,  <unfinished ...>
21366 read(3, "", 5075)                 = 0
21366 close(3 <unfinished ...>
21365 <... read resumed>"556a57227000-556a5722c000 r--p 0"..., 8192) = 2408
21366 <... close resumed>)              = 0
21365 read(3,  <unfinished ...>
21366 munmap(0x7f881c281000, 8192 <unfinished ...>
21365 <... read resumed>"", 5784)       = 0
21366 <... munmap resumed>)             = 0
21365 close(3 <unfinished ...>
21366 sigaltstack({ss_sp=0x564a17dde7c0, ss_flags=0, ss_size=65536},  <unfinished ...>
21365 <... close resumed>)              = 0
21366 <... sigaltstack resumed>NULL)    = 0
21366 rt_sigaction(SIGSEGV, {sa_handler=0x564a17dd5990, sa_mask=[HUP INT QUIT USR1 USR2 PIPE ALRM TERM CHLD URG XCPU XFSZ VTALRM PROF WINCH IO PWR], sa_flags=SA_RESTORER|SA_ONSTACK|SA_SIGINFO, sa_restorer=0x7f881be45330},  <unfinished ...>
21365 munmap(0x7f2980e2d000, 8192 <unfinished ...>
21366 <... rt_sigaction resumed>NULL, 8) = 0
21366 rt_sigaction(SIGSEGV, {sa_handler=0x564a17dd5990, sa_mask=[HUP INT QUIT USR1 USR2 PIPE ALRM TERM CHLD URG XCPU XFSZ VTALRM PROF WINCH IO PWR], sa_flags=SA_RESTORER|SA_ONSTACK|SA_SIGINFO, sa_restorer=0x7f881be45330},  <unfinished ...>
21365 <... munmap resumed>)             = 0
21366 <... rt_sigaction resumed>NULL, 8) = 0
21365 sigaltstack({ss_sp=0x556a57263980, ss_flags=0, ss_size=65536}, NULL) = 0
21366 fstat(1,  <unfinished ...>
21365 rt_sigaction(SIGSEGV, {sa_handler=0x556a57244d60, sa_mask=[HUP INT QUIT USR1 USR2 PIPE ALRM TERM CHLD URG XCPU XFSZ VTALRM PROF WINCH IO PWR], sa_flags=SA_RESTORER|SA_ONSTACK|SA_SIGINFO, sa_restorer=0x7f2980c45330},  <unfinished ...>
21366 <... fstat resumed>{st_mode=S_IFCHR|0666, st_rdev=makedev(0x1, 0x3), ...}) = 0
21365 <... rt_sigaction resumed>NULL, 8) = 0
21366 newfstatat(AT_FDCWD, "/dev/null",  <unfinished ...>
21365 rt_sigaction(SIGSEGV, {sa_handler=0x556a57244d60, sa_mask=[HUP INT QUIT USR1 USR2 PIPE ALRM TERM CHLD URG XCPU XFSZ VTALRM PROF WINCH IO PWR], sa_flags=SA_RESTORER|SA_ONSTACK|SA_SIGINFO, sa_restorer=0x7f2980c45330},  <unfinished ...>
21366 <... newfstatat resumed>{st_mode=S_IFCHR|0666, st_rdev=makedev(0x1, 0x3), ...}, 0) = 0
21365 <... rt_sigaction resumed>NULL, 8) = 0
21365 fstat(1, {st_mode=S_IFIFO|0600, st_size=0, ...}) = 0
21366 brk(0x564a34859000 <unfinished ...>
21365 lseek(0, 0, SEEK_CUR <unfinished ...>
21366 <... brk resumed>)                = 0x564a34859000
21365 <... lseek resumed>)              = 0
21366 fstat(0,  <unfinished ...>
21365 close(0 <unfinished ...>
21366 <... fstat resumed>{st_mode=S_IFIFO|0600, st_size=0, ...}) = 0
21365 <... close resumed>)              = 0
21366 lseek(0, 0, SEEK_CUR <unfinished ...>
21365 write(1, "Usage: /opt/packit/packages/m4/1"..., 2839 <unfinished ...>
21366 <... lseek resumed>)              = -1 ESPIPE (Illegal seek)
21365 <... write resumed>)              = 2839
21366 read(0,  <unfinished ...>
21365 close(1 <unfinished ...>
21366 <... read resumed>"Usage: /opt/packit/packages/m4/1"..., 98304) = 2839
21365 <... close resumed>)              = 0
21366 splice(0, NULL, 1, NULL, 98304, SPLICE_F_MOVE <unfinished ...>
21365 close(2 <unfinished ...>
21366 <... splice resumed>)             = 0
21365 <... close resumed>)              = 0
21366 close(1)                          = 0
21365 exit_group(0 <unfinished ...>
21366 close(2 <unfinished ...>
21365 <... exit_group resumed>)         = ?
21366 <... close resumed>)              = 0
21366 exit_group(0)                     = ?
21365 +++ exited with 0 +++
21364 <... wait4 resumed>[{WIFEXITED(s) && WEXITSTATUS(s) == 0}], 0, NULL) = 21365
21366 +++ exited with 0 +++
21364 --- SIGCHLD {si_signo=SIGCHLD, si_code=CLD_EXITED, si_pid=21365, si_uid=1000, si_status=0, si_utime=0, si_stime=0} ---
21364 rt_sigreturn({mask=[]})           = 21365
21364 --- SIGCHLD {si_signo=SIGCHLD, si_code=CLD_EXITED, si_pid=21366, si_uid=1000, si_status=0, si_utime=0, si_stime=0} ---
21364 rt_sigreturn({mask=[]})           = 21365
21364 wait4(-1, [{WIFEXITED(s) && WEXITSTATUS(s) == 0}], 0, NULL) = 21366
21364 wait4(-1, 0x7ffe9839408c, WNOHANG, NULL) = -1 ECHILD (No child processes)
21364 exit_group(0)                     = ?
21364 +++ exited with 0 +++
21363 <... wait4 resumed>[{WIFEXITED(s) && WEXITSTATUS(s) == 0}], 0, NULL) = 21364
21363 rt_sigprocmask(SIG_SETMASK, [], NULL, 8) = 0
21363 --- SIGCHLD {si_signo=SIGCHLD, si_code=CLD_EXITED, si_pid=21364, si_uid=1000, si_status=0, si_utime=0, si_stime=0} ---
21363 rt_sigaction(SIGINT, {sa_handler=SIG_DFL, sa_mask=[], sa_flags=SA_RESTORER, sa_restorer=0x7fbe87445330}, NULL, 8) = 0
21363 rt_sigaction(SIGQUIT, {sa_handler=SIG_DFL, sa_mask=[], sa_flags=SA_RESTORER, sa_restorer=0x7fbe87445330}, NULL, 8) = 0
21363 read(3, "", 4)                    = 0
21363 close(3)                          = 0
21363 pipe2([3, 4], O_CLOEXEC)          = 0
21363 pipe2([5, 6], O_CLOEXEC)          = 0
21363 clone(child_stack=NULL, flags=CLONE_CHILD_CLEARTID|CLONE_CHILD_SETTID|SIGCHLD, child_tidptr=0x7fbe87c296d0) = 21367
21363 close(6)                          = 0
21363 close(4 <unfinished ...>
21367 set_robust_list(0x7fbe87c296e0, 24 <unfinished ...>
21363 <... close resumed>)              = 0
21367 <... set_robust_list resumed>)    = 0
21363 read(5,  <unfinished ...>
21367 close(5)                          = 0
21367 dup2(4, 1)                        = 1
21367 close(4)                          = 0
21367 close(3)                          = 0
21367 rt_sigaction(SIGFPE, {sa_handler=SIG_DFL, sa_mask=[], sa_flags=SA_RESTORER, sa_restorer=0x7fbe87445330}, {sa_handler=SIG_IGN, sa_mask=[FPE], sa_flags=SA_RESTORER|SA_RESTART, sa_restorer=0x7fbe87445330}, 8) = 0
21367 execve("/bin/sh", ["sh", "-c", "echo dumpdef | /opt/packit/packa"...], 0x55c71b27ee10 /* 69 vars */ <unfinished ...>
21363 <... read resumed>"", 4)          = 0
21363 close(5 <unfinished ...>
21367 <... execve resumed>)             = 0
21363 <... close resumed>)              = 0
21363 fcntl(3, F_SETFD, FD_CLOEXEC)     = 0
21367 brk(NULL)                         = 0x55f62be36000
21363 ioctl(3, TCGETS, 0x7ffffea32370)  = -1 ENOTTY (Inappropriate ioctl for device)
21367 mmap(NULL, 8192, PROT_READ|PROT_WRITE, MAP_PRIVATE|MAP_ANONYMOUS, -1, 0 <unfinished ...>
21363 lseek(3, 0, SEEK_CUR)             = -1 ESPIPE (Illegal seek)
21367 <... mmap resumed>)               = 0x7f094b61b000
21367 access("/etc/ld.so.preload", R_OK) = -1 ENOENT (No such file or directory)
21367 openat(AT_FDCWD, "/etc/ld.so.cache", O_RDONLY|O_CLOEXEC) = 3
21367 fstat(3, {st_mode=S_IFREG|0644, st_size=71083, ...}) = 0
21363 read(3,  <unfinished ...>
21367 mmap(NULL, 71083, PROT_READ, MAP_PRIVATE, 3, 0) = 0x7f094b609000
21367 close(3)                          = 0
21367 openat(AT_FDCWD, "/lib/x86_64-linux-gnu/libc.so.6", O_RDONLY|O_CLOEXEC) = 3
21367 read(3, "\177ELF\2\1\1\3\0\0\0\0\0\0\0\0\3\0>\0\1\0\0\0\220\243\2\0\0\0\0\0"..., 832) = 832
21367 pread64(3, "\6\0\0\0\4\0\0\0@\0\0\0\0\0\0\0@\0\0\0\0\0\0\0@\0\0\0\0\0\0\0"..., 784, 64) = 784
21367 fstat(3, {st_mode=S_IFREG|0755, st_size=2125328, ...}) = 0
21367 pread64(3, "\6\0\0\0\4\0\0\0@\0\0\0\0\0\0\0@\0\0\0\0\0\0\0@\0\0\0\0\0\0\0"..., 784, 64) = 784
21367 mmap(NULL, 2170256, PROT_READ, MAP_PRIVATE|MAP_DENYWRITE, 3, 0) = 0x7f094b200000
21367 mmap(0x7f094b228000, 1605632, PROT_READ|PROT_EXEC, MAP_PRIVATE|MAP_FIXED|MAP_DENYWRITE, 3, 0x28000) = 0x7f094b228000
21367 mmap(0x7f094b3b0000, 323584, PROT_READ, MAP_PRIVATE|MAP_FIXED|MAP_DENYWRITE, 3, 0x1b0000) = 0x7f094b3b0000
21367 mmap(0x7f094b3ff000, 24576, PROT_READ|PROT_WRITE, MAP_PRIVATE|MAP_FIXED|MAP_DENYWRITE, 3, 0x1fe000) = 0x7f094b3ff000
21367 mmap(0x7f094b405000, 52624, PROT_READ|PROT_WRITE, MAP_PRIVATE|MAP_FIXED|MAP_ANONYMOUS, -1, 0) = 0x7f094b405000
21367 close(3)                          = 0
21367 mmap(NULL, 12288, PROT_READ|PROT_WRITE, MAP_PRIVATE|MAP_ANONYMOUS, -1, 0) = 0x7f094b606000
21367 arch_prctl(ARCH_SET_FS, 0x7f094b606740) = 0
21367 set_tid_address(0x7f094b606a10)   = 21367
21367 set_robust_list(0x7f094b606a20, 24) = 0
21367 rseq(0x7f094b607060, 0x20, 0, 0x53053053) = 0
21367 mprotect(0x7f094b3ff000, 16384, PROT_READ) = 0
21367 mprotect(0x55f5ee23f000, 8192, PROT_READ) = 0
21367 mprotect(0x7f094b65b000, 8192, PROT_READ) = 0
21367 prlimit64(0, RLIMIT_STACK, NULL, {rlim_cur=8192*1024, rlim_max=RLIM64_INFINITY}) = 0
21367 munmap(0x7f094b609000, 71083)     = 0
21367 getuid()                          = 1000
21367 getgid()                          = 1000
21367 getpid()                          = 21367
21367 rt_sigaction(SIGCHLD, {sa_handler=0x55f5ee234cd0, sa_mask=~[RTMIN RT_1], sa_flags=SA_RESTORER, sa_restorer=0x7f094b245330}, NULL, 8) = 0
21367 geteuid()                         = 1000
21367 getrandom("\xb6\x6e\xb6\x23\x1e\xa6\xbf\x38", 8, GRND_NONBLOCK) = 8
21367 brk(NULL)                         = 0x55f62be36000
21367 brk(0x55f62be57000)               = 0x55f62be57000
21367 getppid()                         = 21363
21367 newfstatat(AT_FDCWD, "/home/m/Documents/core", {st_mode=S_IFDIR|0775, st_size=4096, ...}, 0) = 0
21367 newfstatat(AT_FDCWD, ".", {st_mode=S_IFDIR|0775, st_size=4096, ...}, 0) = 0
21367 geteuid()                         = 1000
21367 getegid()                         = 1000
21367 rt_sigaction(SIGINT, NULL, {sa_handler=SIG_DFL, sa_mask=[], sa_flags=0}, 8) = 0
21367 rt_sigaction(SIGINT, {sa_handler=0x55f5ee234cd0, sa_mask=~[RTMIN RT_1], sa_flags=SA_RESTORER, sa_restorer=0x7f094b245330}, NULL, 8) = 0
21367 rt_sigaction(SIGQUIT, NULL, {sa_handler=SIG_DFL, sa_mask=[], sa_flags=0}, 8) = 0
21367 rt_sigaction(SIGQUIT, {sa_handler=SIG_DFL, sa_mask=~[RTMIN RT_1], sa_flags=SA_RESTORER, sa_restorer=0x7f094b245330}, NULL, 8) = 0
21367 rt_sigaction(SIGTERM, NULL, {sa_handler=SIG_DFL, sa_mask=[], sa_flags=0}, 8) = 0
21367 rt_sigaction(SIGTERM, {sa_handler=SIG_DFL, sa_mask=~[RTMIN RT_1], sa_flags=SA_RESTORER, sa_restorer=0x7f094b245330}, NULL, 8) = 0
21367 pipe2([3, 4], 0)                  = 0
21367 clone(child_stack=NULL, flags=CLONE_CHILD_CLEARTID|CLONE_CHILD_SETTID|SIGCHLD, child_tidptr=0x7f094b606a10) = 21368
21368 set_robust_list(0x7f094b606a20, 24 <unfinished ...>
21367 close(4 <unfinished ...>
21368 <... set_robust_list resumed>)    = 0
21367 <... close resumed>)              = 0
21367 clone(child_stack=NULL, flags=CLONE_CHILD_CLEARTID|CLONE_CHILD_SETTID|SIGCHLD <unfinished ...>
21368 close(3)                          = 0
21368 dup2(4, 1)                        = 1
21368 close(4 <unfinished ...>
21367 <... clone resumed>, child_tidptr=0x7f094b606a10) = 21369
21368 <... close resumed>)              = 0
21369 set_robust_list(0x7f094b606a20, 24 <unfinished ...>
21367 close(3 <unfinished ...>
21369 <... set_robust_list resumed>)    = 0
21367 <... close resumed>)              = 0
21368 write(1, "dumpdef\n", 8 <unfinished ...>
21367 close(-1 <unfinished ...>
21368 <... write resumed>)              = 8
21367 <... close resumed>)              = -1 EBADF (Bad file descriptor)
21369 dup2(3, 0 <unfinished ...>
21368 exit_group(0 <unfinished ...>
21369 <... dup2 resumed>)               = 0
21367 wait4(-1,  <unfinished ...>
21369 close(3 <unfinished ...>
21368 <... exit_group resumed>)         = ?
21369 <... close resumed>)              = 0
21369 fcntl(2, F_DUPFD, 10)             = 10
21369 close(2 <unfinished ...>
21368 +++ exited with 0 +++
21369 <... close resumed>)              = 0
21367 <... wait4 resumed>[{WIFEXITED(s) && WEXITSTATUS(s) == 0}], 0, NULL) = 21368
21369 fcntl(10, F_SETFD, FD_CLOEXEC <unfinished ...>
21367 --- SIGCHLD {si_signo=SIGCHLD, si_code=CLD_EXITED, si_pid=21368, si_uid=1000, si_status=0, si_utime=0, si_stime=0} ---
21369 <... fcntl resumed>)              = 0
21369 dup2(1, 2 <unfinished ...>
21367 rt_sigreturn({mask=[]} <unfinished ...>
21369 <... dup2 resumed>)               = 2
21367 <... rt_sigreturn resumed>)       = 21368
21369 openat(AT_FDCWD, "/dev/null", O_WRONLY|O_CREAT|O_TRUNC, 0666 <unfinished ...>
21367 wait4(-1,  <unfinished ...>
21369 <... openat resumed>)             = 3
21369 fcntl(1, F_DUPFD, 10)             = 11
21369 close(1)                          = 0
21369 fcntl(11, F_SETFD, FD_CLOEXEC)    = 0
21369 dup2(3, 1)                        = 1
21369 close(3)                          = 0
21369 execve("/opt/packit/packages/m4/1.4.21/bin/m4", ["/opt/packit/packages/m4/1.4.21/b"..., "--nesting-limit=1024"], 0x55f62be373f8 /* 69 vars */) = 0
21369 brk(NULL)                         = 0x561de8729000
21369 mmap(NULL, 8192, PROT_READ|PROT_WRITE, MAP_PRIVATE|MAP_ANONYMOUS, -1, 0) = 0x7f4d50d55000
21369 access("/etc/ld.so.preload", R_OK) = -1 ENOENT (No such file or directory)
21369 openat(AT_FDCWD, "/etc/ld.so.cache", O_RDONLY|O_CLOEXEC) = 3
21369 fstat(3, {st_mode=S_IFREG|0644, st_size=71083, ...}) = 0
21369 mmap(NULL, 71083, PROT_READ, MAP_PRIVATE, 3, 0) = 0x7f4d50d43000
21369 close(3)                          = 0
21369 openat(AT_FDCWD, "/lib/x86_64-linux-gnu/libc.so.6", O_RDONLY|O_CLOEXEC) = 3
21369 read(3, "\177ELF\2\1\1\3\0\0\0\0\0\0\0\0\3\0>\0\1\0\0\0\220\243\2\0\0\0\0\0"..., 832) = 832
21369 pread64(3, "\6\0\0\0\4\0\0\0@\0\0\0\0\0\0\0@\0\0\0\0\0\0\0@\0\0\0\0\0\0\0"..., 784, 64) = 784
21369 fstat(3, {st_mode=S_IFREG|0755, st_size=2125328, ...}) = 0
21369 pread64(3, "\6\0\0\0\4\0\0\0@\0\0\0\0\0\0\0@\0\0\0\0\0\0\0@\0\0\0\0\0\0\0"..., 784, 64) = 784
21369 mmap(NULL, 2170256, PROT_READ, MAP_PRIVATE|MAP_DENYWRITE, 3, 0) = 0x7f4d50a00000
21369 mmap(0x7f4d50a28000, 1605632, PROT_READ|PROT_EXEC, MAP_PRIVATE|MAP_FIXED|MAP_DENYWRITE, 3, 0x28000) = 0x7f4d50a28000
21369 mmap(0x7f4d50bb0000, 323584, PROT_READ, MAP_PRIVATE|MAP_FIXED|MAP_DENYWRITE, 3, 0x1b0000) = 0x7f4d50bb0000
21369 mmap(0x7f4d50bff000, 24576, PROT_READ|PROT_WRITE, MAP_PRIVATE|MAP_FIXED|MAP_DENYWRITE, 3, 0x1fe000) = 0x7f4d50bff000
21369 mmap(0x7f4d50c05000, 52624, PROT_READ|PROT_WRITE, MAP_PRIVATE|MAP_FIXED|MAP_ANONYMOUS, -1, 0) = 0x7f4d50c05000
21369 close(3)                          = 0
21369 mmap(NULL, 12288, PROT_READ|PROT_WRITE, MAP_PRIVATE|MAP_ANONYMOUS, -1, 0) = 0x7f4d50d40000
21369 arch_prctl(ARCH_SET_FS, 0x7f4d50d40740) = 0
21369 set_tid_address(0x7f4d50d40a10)   = 21369
21369 set_robust_list(0x7f4d50d40a20, 24) = 0
21369 rseq(0x7f4d50d41060, 0x20, 0, 0x53053053) = 0
21369 mprotect(0x7f4d50bff000, 16384, PROT_READ) = 0
21369 mprotect(0x561dc2f4f000, 8192, PROT_READ) = 0
21369 mprotect(0x7f4d50d95000, 8192, PROT_READ) = 0
21369 prlimit64(0, RLIMIT_STACK, NULL, {rlim_cur=8192*1024, rlim_max=RLIM64_INFINITY}) = 0
21369 munmap(0x7f4d50d43000, 71083)     = 0
21369 getrandom("\xef\x55\xd9\x49\x40\x6f\x3f\xa5", 8, GRND_NONBLOCK) = 8
21369 brk(NULL)                         = 0x561de8729000
21369 brk(0x561de874a000)               = 0x561de874a000
21369 openat(AT_FDCWD, "/usr/lib/locale/locale-archive", O_RDONLY|O_CLOEXEC) = 3
21369 fstat(3, {st_mode=S_IFREG|0644, st_size=5723792, ...}) = 0
21369 mmap(NULL, 5723792, PROT_READ, MAP_PRIVATE, 3, 0) = 0x7f4d50400000
21369 close(3)                          = 0
21369 fstat(1, {st_mode=S_IFCHR|0666, st_rdev=makedev(0x1, 0x3), ...}) = 0
21369 fstat(2, {st_mode=S_IFIFO|0600, st_size=0, ...}) = 0
21369 openat(AT_FDCWD, "/usr/share/locale/locale.alias", O_RDONLY|O_CLOEXEC) = 3
21369 fstat(3, {st_mode=S_IFREG|0644, st_size=2996, ...}) = 0
21369 read(3, "# Locale name alias data base.\n#"..., 4096) = 2996
21369 read(3, "", 4096)                 = 0
21369 close(3)                          = 0
21369 openat(AT_FDCWD, "/opt/packit/packages/m4/1.4.21/share/locale/en_US/LC_MESSAGES/m4.mo", O_RDONLY) = -1 ENOENT (No such file or directory)
21369 openat(AT_FDCWD, "/opt/packit/packages/m4/1.4.21/share/locale/en/LC_MESSAGES/m4.mo", O_RDONLY) = -1 ENOENT (No such file or directory)
21369 openat(AT_FDCWD, "/usr/share/locale-langpack/en_US/LC_MESSAGES/m4.mo", O_RDONLY) = -1 ENOENT (No such file or directory)
21369 openat(AT_FDCWD, "/usr/share/locale-langpack/en/LC_MESSAGES/m4.mo", O_RDONLY) = -1 ENOENT (No such file or directory)
21369 openat(AT_FDCWD, "/usr/share/locale/en_US/LC_MESSAGES/libc.mo", O_RDONLY) = -1 ENOENT (No such file or directory)
21369 openat(AT_FDCWD, "/usr/share/locale/en/LC_MESSAGES/libc.mo", O_RDONLY) = -1 ENOENT (No such file or directory)
21369 openat(AT_FDCWD, "/usr/share/locale-langpack/en_US/LC_MESSAGES/libc.mo", O_RDONLY) = -1 ENOENT (No such file or directory)
21369 openat(AT_FDCWD, "/usr/share/locale-langpack/en/LC_MESSAGES/libc.mo", O_RDONLY) = -1 ENOENT (No such file or directory)
21369 rt_sigaction(SIGSEGV, {sa_handler=0x561dc2f21950, sa_mask=[], sa_flags=SA_RESTORER|SA_NODEFER|SA_RESETHAND|0xffffffff00000000, sa_restorer=0x7f4d50a45330}, NULL, 8) = 0
21369 rt_sigaction(SIGABRT, {sa_handler=0x561dc2f21950, sa_mask=[], sa_flags=SA_RESTORER|SA_NODEFER|SA_RESETHAND|0xffffffff00000000, sa_restorer=0x7f4d50a45330}, NULL, 8) = 0
21369 rt_sigaction(SIGILL, {sa_handler=0x561dc2f21950, sa_mask=[], sa_flags=SA_RESTORER|SA_NODEFER|SA_RESETHAND|0xffffffff00000000, sa_restorer=0x7f4d50a45330}, NULL, 8) = 0
21369 rt_sigaction(SIGFPE, {sa_handler=0x561dc2f21950, sa_mask=[], sa_flags=SA_RESTORER|SA_NODEFER|SA_RESETHAND|0xffffffff00000000, sa_restorer=0x7f4d50a45330}, NULL, 8) = 0
21369 rt_sigaction(SIGBUS, {sa_handler=0x561dc2f21950, sa_mask=[], sa_flags=SA_RESTORER|SA_NODEFER|SA_RESETHAND|0xffffffff00000000, sa_restorer=0x7f4d50a45330}, NULL, 8) = 0
21369 openat(AT_FDCWD, "/usr/share/locale/en_US/LC_MESSAGES/gnulib.mo", O_RDONLY) = -1 ENOENT (No such file or directory)
21369 openat(AT_FDCWD, "/usr/share/locale/en/LC_MESSAGES/gnulib.mo", O_RDONLY) = -1 ENOENT (No such file or directory)
21369 openat(AT_FDCWD, "/usr/share/locale-langpack/en_US/LC_MESSAGES/gnulib.mo", O_RDONLY) = -1 ENOENT (No such file or directory)
21369 openat(AT_FDCWD, "/usr/share/locale-langpack/en/LC_MESSAGES/gnulib.mo", O_RDONLY) = -1 ENOENT (No such file or directory)
21369 openat(AT_FDCWD, "/proc/self/maps", O_RDONLY) = 3
21369 mmap(NULL, 8192, PROT_READ|PROT_WRITE, MAP_PRIVATE|MAP_ANONYMOUS, -1, 0) = 0x7f4d50d53000
21369 lseek(3, 0, SEEK_SET)             = 0
21369 read(3, "561dc2f19000-561dc2f1e000 r--p 0"..., 8192) = 2408
21369 read(3, "", 5784)                 = 0
21369 close(3)                          = 0
21369 munmap(0x7f4d50d53000, 8192)      = 0
21369 sigaltstack({ss_sp=0x561dc2f55980, ss_flags=0, ss_size=65536}, NULL) = 0
21369 rt_sigaction(SIGSEGV, {sa_handler=0x561dc2f36d60, sa_mask=[HUP INT QUIT USR1 USR2 PIPE ALRM TERM CHLD URG XCPU XFSZ VTALRM PROF WINCH IO PWR], sa_flags=SA_RESTORER|SA_ONSTACK|SA_SIGINFO, sa_restorer=0x7f4d50a45330}, NULL, 8) = 0
21369 rt_sigaction(SIGSEGV, {sa_handler=0x561dc2f36d60, sa_mask=[HUP INT QUIT USR1 USR2 PIPE ALRM TERM CHLD URG XCPU XFSZ VTALRM PROF WINCH IO PWR], sa_flags=SA_RESTORER|SA_ONSTACK|SA_SIGINFO, sa_restorer=0x7f4d50a45330}, NULL, 8) = 0
21369 mmap(NULL, 528384, PROT_READ|PROT_WRITE, MAP_PRIVATE|MAP_ANONYMOUS, -1, 0) = 0x7f4d50cbf000
21369 fstat(0, {st_mode=S_IFIFO|0600, st_size=0, ...}) = 0
21369 read(0, "dumpdef\n", 4096)        = 8
21369 write(2, "__file__:\t", 10)       = 10
21363 <... read resumed>"__file__:\t", 8192) = 10
21369 write(2, "<__file__>\n", 11 <unfinished ...>
21363 read(3,  <unfinished ...>
21369 <... write resumed>)              = 11
21363 <... read resumed>"<__file__>\n", 8192) = 11
21369 write(2, "__gnu__:\t", 9 <unfinished ...>
21363 read(3,  <unfinished ...>
21369 <... write resumed>)              = 9
21363 <... read resumed>"__gnu__:\t", 8192) = 9
21369 write(2, "\n", 1 <unfinished ...>
21363 read(3,  <unfinished ...>
21369 <... write resumed>)              = 1
21363 <... read resumed>"\n", 8192)     = 1
21369 write(2, "__line__:\t", 10 <unfinished ...>
21363 read(3,  <unfinished ...>
21369 <... write resumed>)              = 10
21363 <... read resumed>"__line__:\t", 8192) = 10
21369 write(2, "<__line__>\n", 11 <unfinished ...>
21363 read(3,  <unfinished ...>
21369 <... write resumed>)              = 11
21363 <... read resumed>"<__line__>\n", 8192) = 11
21369 write(2, "__program__:\t", 13 <unfinished ...>
21363 read(3,  <unfinished ...>
21369 <... write resumed>)              = 13
21363 <... read resumed>"__program__:\t", 8192) = 13
21369 write(2, "<__program__>\n", 14 <unfinished ...>
21363 read(3,  <unfinished ...>
21369 <... write resumed>)              = 14
21363 <... read resumed>"<__program__>\n", 8192) = 14
21369 write(2, "__unix__:\t", 10 <unfinished ...>
21363 read(3,  <unfinished ...>
21369 <... write resumed>)              = 10
21363 <... read resumed>"__unix__:\t", 8192) = 10
21369 write(2, "\n", 1 <unfinished ...>
21363 read(3,  <unfinished ...>
21369 <... write resumed>)              = 1
21363 <... read resumed>"\n", 8192)     = 1
21369 write(2, "builtin:\t", 9 <unfinished ...>
21363 read(3,  <unfinished ...>
21369 <... write resumed>)              = 9
21363 <... read resumed>"builtin:\t", 8192) = 9
21369 write(2, "<builtin>\n", 10 <unfinished ...>
21363 read(3,  <unfinished ...>
21369 <... write resumed>)              = 10
21363 <... read resumed>"<builtin>\n", 8192) = 10
21369 write(2, "changecom:\t", 11 <unfinished ...>
21363 read(3,  <unfinished ...>
21369 <... write resumed>)              = 11
21363 <... read resumed>"changecom:\t", 8192) = 11
21369 write(2, "<changecom>\n", 12 <unfinished ...>
21363 read(3,  <unfinished ...>
21369 <... write resumed>)              = 12
21363 <... read resumed>"<changecom>\n", 8192) = 12
21369 write(2, "changequote:\t", 13 <unfinished ...>
21363 read(3,  <unfinished ...>
21369 <... write resumed>)              = 13
21363 <... read resumed>"changequote:\t", 8192) = 13
21369 write(2, "<changequote>\n", 14 <unfinished ...>
21363 read(3,  <unfinished ...>
21369 <... write resumed>)              = 14
21363 <... read resumed>"<changequote>\n", 8192) = 14
21369 write(2, "debugfile:\t", 11 <unfinished ...>
21363 read(3,  <unfinished ...>
21369 <... write resumed>)              = 11
21363 <... read resumed>"debugfile:\t", 8192) = 11
21369 write(2, "<debugfile>\n", 12 <unfinished ...>
21363 read(3,  <unfinished ...>
21369 <... write resumed>)              = 12
21363 <... read resumed>"<debugfile>\n", 8192) = 12
21369 write(2, "debugmode:\t", 11 <unfinished ...>
21363 read(3,  <unfinished ...>
21369 <... write resumed>)              = 11
21363 <... read resumed>"debugmode:\t", 8192) = 11
21369 write(2, "<debugmode>\n", 12 <unfinished ...>
21363 read(3,  <unfinished ...>
21369 <... write resumed>)              = 12
21363 <... read resumed>"<debugmode>\n", 8192) = 12
21369 write(2, "decr:\t", 6 <unfinished ...>
21363 read(3,  <unfinished ...>
21369 <... write resumed>)              = 6
21363 <... read resumed>"decr:\t", 8192) = 6
21369 write(2, "<decr>\n", 7 <unfinished ...>
21363 read(3,  <unfinished ...>
21369 <... write resumed>)              = 7
21363 <... read resumed>"<decr>\n", 8192) = 7
21369 write(2, "define:\t", 8 <unfinished ...>
21363 read(3,  <unfinished ...>
21369 <... write resumed>)              = 8
21363 <... read resumed>"define:\t", 8192) = 8
21369 write(2, "<define>\n", 9 <unfinished ...>
21363 read(3,  <unfinished ...>
21369 <... write resumed>)              = 9
21363 <... read resumed>"<define>\n", 8192) = 9
21369 write(2, "defn:\t", 6 <unfinished ...>
21363 read(3,  <unfinished ...>
21369 <... write resumed>)              = 6
21363 <... read resumed>"defn:\t", 8192) = 6
21369 write(2, "<defn>\n", 7 <unfinished ...>
21363 read(3,  <unfinished ...>
21369 <... write resumed>)              = 7
21363 <... read resumed>"<defn>\n", 8192) = 7
21369 write(2, "divert:\t", 8 <unfinished ...>
21363 read(3,  <unfinished ...>
21369 <... write resumed>)              = 8
21363 <... read resumed>"divert:\t", 8192) = 8
21369 write(2, "<divert>\n", 9 <unfinished ...>
21363 read(3,  <unfinished ...>
21369 <... write resumed>)              = 9
21363 <... read resumed>"<divert>\n", 8192) = 9
21369 write(2, "divnum:\t", 8 <unfinished ...>
21363 read(3,  <unfinished ...>
21369 <... write resumed>)              = 8
21363 <... read resumed>"divnum:\t", 8192) = 8
21369 write(2, "<divnum>\n", 9 <unfinished ...>
21363 read(3,  <unfinished ...>
21369 <... write resumed>)              = 9
21363 <... read resumed>"<divnum>\n", 8192) = 9
21369 write(2, "dnl:\t", 5 <unfinished ...>
21363 read(3,  <unfinished ...>
21369 <... write resumed>)              = 5
21363 <... read resumed>"dnl:\t", 8192) = 5
21369 write(2, "<dnl>\n", 6 <unfinished ...>
21363 read(3,  <unfinished ...>
21369 <... write resumed>)              = 6
21363 <... read resumed>"<dnl>\n", 8192) = 6
21369 write(2, "dumpdef:\t", 9 <unfinished ...>
21363 read(3,  <unfinished ...>
21369 <... write resumed>)              = 9
21363 <... read resumed>"dumpdef:\t", 8192) = 9
21369 write(2, "<dumpdef>\n", 10 <unfinished ...>
21363 read(3,  <unfinished ...>
21369 <... write resumed>)              = 10
21363 <... read resumed>"<dumpdef>\n", 8192) = 10
21369 write(2, "errprint:\t", 10 <unfinished ...>
21363 read(3,  <unfinished ...>
21369 <... write resumed>)              = 10
21363 <... read resumed>"errprint:\t", 8192) = 10
21369 write(2, "<errprint>\n", 11 <unfinished ...>
21363 read(3,  <unfinished ...>
21369 <... write resumed>)              = 11
21363 <... read resumed>"<errprint>\n", 8192) = 11
21369 write(2, "esyscmd:\t", 9 <unfinished ...>
21363 read(3,  <unfinished ...>
21369 <... write resumed>)              = 9
21363 <... read resumed>"esyscmd:\t", 8192) = 9
21369 write(2, "<esyscmd>\n", 10 <unfinished ...>
21363 read(3,  <unfinished ...>
21369 <... write resumed>)              = 10
21363 <... read resumed>"<esyscmd>\n", 8192) = 10
21369 write(2, "eval:\t", 6 <unfinished ...>
21363 read(3,  <unfinished ...>
21369 <... write resumed>)              = 6
21363 <... read resumed>"eval:\t", 8192) = 6
21369 write(2, "<eval>\n", 7 <unfinished ...>
21363 read(3,  <unfinished ...>
21369 <... write resumed>)              = 7
21363 <... read resumed>"<eval>\n", 8192) = 7
21369 write(2, "format:\t", 8 <unfinished ...>
21363 read(3,  <unfinished ...>
21369 <... write resumed>)              = 8
21363 <... read resumed>"format:\t", 8192) = 8
21369 write(2, "<format>\n", 9 <unfinished ...>
21363 read(3,  <unfinished ...>
21369 <... write resumed>)              = 9
21363 <... read resumed>"<format>\n", 8192) = 9
21369 write(2, "ifdef:\t", 7 <unfinished ...>
21363 read(3,  <unfinished ...>
21369 <... write resumed>)              = 7
21363 <... read resumed>"ifdef:\t", 8192) = 7
21369 write(2, "<ifdef>\n", 8 <unfinished ...>
21363 read(3,  <unfinished ...>
21369 <... write resumed>)              = 8
21363 <... read resumed>"<ifdef>\n", 8192) = 8
21369 write(2, "ifelse:\t", 8 <unfinished ...>
21363 read(3,  <unfinished ...>
21369 <... write resumed>)              = 8
21363 <... read resumed>"ifelse:\t", 8192) = 8
21369 write(2, "<ifelse>\n", 9 <unfinished ...>
21363 read(3,  <unfinished ...>
21369 <... write resumed>)              = 9
21363 <... read resumed>"<ifelse>\n", 8192) = 9
21369 write(2, "include:\t", 9 <unfinished ...>
21363 read(3,  <unfinished ...>
21369 <... write resumed>)              = 9
21363 <... read resumed>"include:\t", 8192) = 9
21369 write(2, "<include>\n", 10 <unfinished ...>
21363 read(3,  <unfinished ...>
21369 <... write resumed>)              = 10
21363 <... read resumed>"<include>\n", 8192) = 10
21369 write(2, "incr:\t", 6 <unfinished ...>
21363 read(3,  <unfinished ...>
21369 <... write resumed>)              = 6
21363 <... read resumed>"incr:\t", 8192) = 6
21369 write(2, "<incr>\n", 7 <unfinished ...>
21363 read(3,  <unfinished ...>
21369 <... write resumed>)              = 7
21363 <... read resumed>"<incr>\n", 8192) = 7
21369 write(2, "index:\t", 7 <unfinished ...>
21363 read(3,  <unfinished ...>
21369 <... write resumed>)              = 7
21363 <... read resumed>"index:\t", 8192) = 7
21369 write(2, "<index>\n", 8 <unfinished ...>
21363 read(3,  <unfinished ...>
21369 <... write resumed>)              = 8
21363 <... read resumed>"<index>\n", 8192) = 8
21369 write(2, "indir:\t", 7 <unfinished ...>
21363 read(3,  <unfinished ...>
21369 <... write resumed>)              = 7
21363 <... read resumed>"indir:\t", 8192) = 7
21369 write(2, "<indir>\n", 8 <unfinished ...>
21363 read(3,  <unfinished ...>
21369 <... write resumed>)              = 8
21363 <... read resumed>"<indir>\n", 8192) = 8
21369 write(2, "len:\t", 5 <unfinished ...>
21363 read(3,  <unfinished ...>
21369 <... write resumed>)              = 5
21363 <... read resumed>"len:\t", 8192) = 5
21369 write(2, "<len>\n", 6 <unfinished ...>
21363 read(3,  <unfinished ...>
21369 <... write resumed>)              = 6
21363 <... read resumed>"<len>\n", 8192) = 6
21369 write(2, "m4exit:\t", 8 <unfinished ...>
21363 read(3,  <unfinished ...>
21369 <... write resumed>)              = 8
21363 <... read resumed>"m4exit:\t", 8192) = 8
21369 write(2, "<m4exit>\n", 9 <unfinished ...>
21363 read(3,  <unfinished ...>
21369 <... write resumed>)              = 9
21363 <... read resumed>"<m4exit>\n", 8192) = 9
21369 write(2, "m4wrap:\t", 8 <unfinished ...>
21363 read(3, "m4wrap:\t", 8192)        = 8
21369 <... write resumed>)              = 8
21363 read(3,  <unfinished ...>
21369 write(2, "<m4wrap>\n", 9 <unfinished ...>
21363 <... read resumed>"<m4wrap>\n", 8192) = 9
21369 <... write resumed>)              = 9
21363 read(3,  <unfinished ...>
21369 write(2, "maketemp:\t", 10 <unfinished ...>
21363 <... read resumed>"maketemp:\t", 8192) = 10
21369 <... write resumed>)              = 10
21363 read(3,  <unfinished ...>
21369 write(2, "<maketemp>\n", 11 <unfinished ...>
21363 <... read resumed>"<maketemp>\n", 8192) = 11
21369 <... write resumed>)              = 11
21363 read(3,  <unfinished ...>
21369 write(2, "mkstemp:\t", 9 <unfinished ...>
21363 <... read resumed>"mkstemp:\t", 8192) = 9
21369 <... write resumed>)              = 9
21363 read(3,  <unfinished ...>
21369 write(2, "<mkstemp>\n", 10 <unfinished ...>
21363 <... read resumed>"<mkstemp>\n", 8192) = 10
21369 <... write resumed>)              = 10
21363 read(3,  <unfinished ...>
21369 write(2, "patsubst:\t", 10 <unfinished ...>
21363 <... read resumed>"patsubst:\t", 8192) = 10
21369 <... write resumed>)              = 10
21363 read(3,  <unfinished ...>
21369 write(2, "<patsubst>\n", 11 <unfinished ...>
21363 <... read resumed>"<patsubst>\n", 8192) = 11
21369 <... write resumed>)              = 11
21363 read(3,  <unfinished ...>
21369 write(2, "popdef:\t", 8 <unfinished ...>
21363 <... read resumed>"popdef:\t", 8192) = 8
21369 <... write resumed>)              = 8
21363 read(3,  <unfinished ...>
21369 write(2, "<popdef>\n", 9 <unfinished ...>
21363 <... read resumed>"<popdef>\n", 8192) = 9
21369 <... write resumed>)              = 9
21363 read(3,  <unfinished ...>
21369 write(2, "pushdef:\t", 9 <unfinished ...>
21363 <... read resumed>"pushdef:\t", 8192) = 9
21369 <... write resumed>)              = 9
21363 read(3,  <unfinished ...>
21369 write(2, "<pushdef>\n", 10 <unfinished ...>
21363 <... read resumed>"<pushdef>\n", 8192) = 10
21369 <... write resumed>)              = 10
21363 read(3,  <unfinished ...>
21369 write(2, "regexp:\t", 8 <unfinished ...>
21363 <... read resumed>"regexp:\t", 8192) = 8
21369 <... write resumed>)              = 8
21363 read(3,  <unfinished ...>
21369 write(2, "<regexp>\n", 9 <unfinished ...>
21363 <... read resumed>"<regexp>\n", 8192) = 9
21369 <... write resumed>)              = 9
21363 read(3,  <unfinished ...>
21369 write(2, "shift:\t", 7 <unfinished ...>
21363 <... read resumed>"shift:\t", 8192) = 7
21369 <... write resumed>)              = 7
21363 read(3,  <unfinished ...>
21369 write(2, "<shift>\n", 8 <unfinished ...>
21363 <... read resumed>"<shift>\n", 8192) = 8
21369 <... write resumed>)              = 8
21363 read(3,  <unfinished ...>
21369 write(2, "sinclude:\t", 10 <unfinished ...>
21363 <... read resumed>"sinclude:\t", 8192) = 10
21369 <... write resumed>)              = 10
21363 read(3,  <unfinished ...>
21369 write(2, "<sinclude>\n", 11 <unfinished ...>
21363 <... read resumed>"<sinclude>\n", 8192) = 11
21369 <... write resumed>)              = 11
21363 read(3,  <unfinished ...>
21369 write(2, "substr:\t", 8 <unfinished ...>
21363 <... read resumed>"substr:\t", 8192) = 8
21369 <... write resumed>)              = 8
21363 read(3,  <unfinished ...>
21369 write(2, "<substr>\n", 9 <unfinished ...>
21363 <... read resumed>"<substr>\n", 8192) = 9
21369 <... write resumed>)              = 9
21363 read(3,  <unfinished ...>
21369 write(2, "syscmd:\t", 8 <unfinished ...>
21363 <... read resumed>"syscmd:\t", 8192) = 8
21369 <... write resumed>)              = 8
21363 read(3,  <unfinished ...>
21369 write(2, "<syscmd>\n", 9 <unfinished ...>
21363 <... read resumed>"<syscmd>\n", 8192) = 9
21369 <... write resumed>)              = 9
21363 read(3,  <unfinished ...>
21369 write(2, "sysval:\t", 8 <unfinished ...>
21363 <... read resumed>"sysval:\t", 8192) = 8
21369 <... write resumed>)              = 8
21363 read(3,  <unfinished ...>
21369 write(2, "<sysval>\n", 9 <unfinished ...>
21363 <... read resumed>"<sysval>\n", 8192) = 9
21369 <... write resumed>)              = 9
21363 read(3,  <unfinished ...>
21369 write(2, "traceoff:\t", 10 <unfinished ...>
21363 <... read resumed>"traceoff:\t", 8192) = 10
21369 <... write resumed>)              = 10
21363 read(3,  <unfinished ...>
21369 write(2, "<traceoff>\n", 11 <unfinished ...>
21363 <... read resumed>"<traceoff>\n", 8192) = 11
21369 <... write resumed>)              = 11
21363 read(3,  <unfinished ...>
21369 write(2, "traceon:\t", 9 <unfinished ...>
21363 <... read resumed>"traceon:\t", 8192) = 9
21369 <... write resumed>)              = 9
21363 read(3,  <unfinished ...>
21369 write(2, "<traceon>\n", 10 <unfinished ...>
21363 <... read resumed>"<traceon>\n", 8192) = 10
21369 <... write resumed>)              = 10
21363 read(3,  <unfinished ...>
21369 write(2, "translit:\t", 10 <unfinished ...>
21363 <... read resumed>"translit:\t", 8192) = 10
21369 <... write resumed>)              = 10
21363 read(3,  <unfinished ...>
21369 write(2, "<translit>\n", 11 <unfinished ...>
21363 <... read resumed>"<translit>\n", 8192) = 11
21369 <... write resumed>)              = 11
21363 read(3,  <unfinished ...>
21369 write(2, "undefine:\t", 10 <unfinished ...>
21363 <... read resumed>"undefine:\t", 8192) = 10
21369 <... write resumed>)              = 10
21363 read(3,  <unfinished ...>
21369 write(2, "<undefine>\n", 11 <unfinished ...>
21363 <... read resumed>"<undefine>\n", 8192) = 11
21369 <... write resumed>)              = 11
21363 read(3,  <unfinished ...>
21369 write(2, "undivert:\t", 10 <unfinished ...>
21363 <... read resumed>"undivert:\t", 8192) = 10
21369 <... write resumed>)              = 10
21363 read(3,  <unfinished ...>
21369 write(2, "<undivert>\n", 11 <unfinished ...>
21363 <... read resumed>"<undivert>\n", 8192) = 11
21369 <... write resumed>)              = 11
21363 read(3,  <unfinished ...>
21369 fstat(1, {st_mode=S_IFCHR|0666, st_rdev=makedev(0x1, 0x3), ...}) = 0
21369 ioctl(1, TCGETS, 0x7ffe3a56fb40)  = -1 ENOTTY (Inappropriate ioctl for device)
21369 read(0, "", 4096)                 = 0
21369 fstat(1, {st_mode=S_IFCHR|0666, st_rdev=makedev(0x1, 0x3), ...}) = 0
21369 fstat(2, {st_mode=S_IFIFO|0600, st_size=0, ...}) = 0
21369 lseek(0, 0, SEEK_CUR)             = -1 ESPIPE (Illegal seek)
21369 close(0)                          = 0
21369 write(1, "\n", 1)                 = 1
21369 close(1)                          = 0
21369 close(2)                          = 0
21369 exit_group(0)                     = ?
21369 +++ exited with 0 +++
21367 <... wait4 resumed>[{WIFEXITED(s) && WEXITSTATUS(s) == 0}], 0, NULL) = 21369
21367 --- SIGCHLD {si_signo=SIGCHLD, si_code=CLD_EXITED, si_pid=21369, si_uid=1000, si_status=0, si_utime=0, si_stime=0} ---
21367 rt_sigreturn({mask=[]})           = 21369
21367 wait4(-1, 0x7ffe4d62149c, WNOHANG, NULL) = -1 ECHILD (No child processes)
21367 exit_group(0)                     = ?
21363 <... read resumed>"", 8192)       = 0
21367 +++ exited with 0 +++
21363 --- SIGCHLD {si_signo=SIGCHLD, si_code=CLD_EXITED, si_pid=21367, si_uid=1000, si_status=0, si_utime=0, si_stime=0} ---
21363 close(3)                          = 0
21363 wait4(21367, [{WIFEXITED(s) && WEXITSTATUS(s) == 0}], 0, NULL) = 21367
21363 newfstatat(AT_FDCWD, "/tmp", {st_mode=S_IFDIR|S_ISVTX|0777, st_size=12288, ...}, 0) = 0
21363 geteuid()                         = 1000
21363 geteuid()                         = 1000
21363 getegid()                         = 1000
21363 getgroups(0, NULL)                = 9
21363 getgroups(9, [4, 24, 27, 30, 46, 100, 105, 125, 1000]) = 9
21363 openat(AT_FDCWD, "/dev/urandom", O_RDONLY|O_CLOEXEC) = 3
21363 read(3, "L\317\341c", 4)          = 4
21363 close(3)                          = 0
21363 newfstatat(AT_FDCWD, "/tmp", {st_mode=S_IFDIR|S_ISVTX|0777, st_size=12288, ...}, 0) = 0
21363 newfstatat(AT_FDCWD, "/tmp", {st_mode=S_IFDIR|S_ISVTX|0777, st_size=12288, ...}, 0) = 0
21363 mkdir("/tmp/am4tksyQLq", 0700)    = 0
21363 chmod("/tmp/am4tksyQLq", 0700)    = 0
21363 newfstatat(AT_FDCWD, "/tmp/am4tksyQLq", {st_mode=S_IFDIR|0700, st_size=4096, ...}, 0) = 0
21363 newfstatat(AT_FDCWD, "/tmp", {st_mode=S_IFDIR|S_ISVTX|0777, st_size=12288, ...}, AT_SYMLINK_NOFOLLOW) = 0
21363 newfstatat(AT_FDCWD, "/tmp/am4tksyQLq", {st_mode=S_IFDIR|0700, st_size=4096, ...}, AT_SYMLINK_NOFOLLOW) = 0
21363 newfstatat(AT_FDCWD, "/tmp/am4tksyQLq", {st_mode=S_IFDIR|0700, st_size=4096, ...}, 0) = 0
21363 getpid()                          = 21363
21363 getpid()                          = 21363
21363 getpid()                          = 21363
21363 openat(AT_FDCWD, "/opt/packit/packages/autoconf/2.73/share/autoconf/autom4te.cfg", O_RDONLY|O_CLOEXEC) = 3
21363 ioctl(3, TCGETS, 0x7ffffea32410)  = -1 ENOTTY (Inappropriate ioctl for device)
21363 lseek(3, 0, SEEK_CUR)             = 0
21363 fstat(3, {st_mode=S_IFREG|0755, st_size=5603, ...}) = 0
21363 read(3, "# Definition of Autom4te option "..., 8192) = 5603
21363 read(3, "", 8192)                 = 0
21363 close(3)                          = 0
21363 newfstatat(AT_FDCWD, "/home/m/.autom4te.cfg", 0x55c71b2624b8, 0) = -1 ENOENT (No such file or directory)
21363 newfstatat(AT_FDCWD, ".autom4te.cfg", 0x55c71b2624b8, 0) = -1 ENOENT (No such file or directory)
21363 brk(0x55c71ba3f000)               = 0x55c71ba3f000
21363 brk(0x55c71ba39000)               = 0x55c71ba39000
21363 brk(0x55c71ba36000)               = 0x55c71ba36000
21363 write(1, "autom4te (GNU Autoconf) 2.73\nFea"..., 386) = 386
21363 rt_sigaction(SIGHUP, NULL, {sa_handler=SIG_DFL, sa_mask=[], sa_flags=0}, 8) = 0
21363 rt_sigaction(SIGINT, NULL, {sa_handler=SIG_DFL, sa_mask=[], sa_flags=SA_RESTORER, sa_restorer=0x7fbe87445330}, 8) = 0
21363 rt_sigaction(SIGQUIT, NULL, {sa_handler=SIG_DFL, sa_mask=[], sa_flags=SA_RESTORER, sa_restorer=0x7fbe87445330}, 8) = 0
21363 rt_sigaction(SIGILL, NULL, {sa_handler=SIG_DFL, sa_mask=[], sa_flags=0}, 8) = 0
21363 rt_sigaction(SIGTRAP, NULL, {sa_handler=SIG_DFL, sa_mask=[], sa_flags=0}, 8) = 0
21363 rt_sigaction(SIGABRT, NULL, {sa_handler=SIG_DFL, sa_mask=[], sa_flags=0}, 8) = 0
21363 rt_sigaction(SIGBUS, NULL, {sa_handler=SIG_DFL, sa_mask=[], sa_flags=0}, 8) = 0
21363 rt_sigaction(SIGFPE, NULL, {sa_handler=SIG_IGN, sa_mask=[FPE], sa_flags=SA_RESTORER|SA_RESTART, sa_restorer=0x7fbe87445330}, 8) = 0
21363 rt_sigaction(SIGKILL, NULL, {sa_handler=SIG_DFL, sa_mask=[], sa_flags=0}, 8) = 0
21363 rt_sigaction(SIGUSR1, NULL, {sa_handler=SIG_DFL, sa_mask=[], sa_flags=0}, 8) = 0
21363 rt_sigaction(SIGSEGV, NULL, {sa_handler=SIG_DFL, sa_mask=[], sa_flags=0}, 8) = 0
21363 rt_sigaction(SIGUSR2, NULL, {sa_handler=SIG_DFL, sa_mask=[], sa_flags=0}, 8) = 0
21363 rt_sigaction(SIGPIPE, NULL, {sa_handler=SIG_DFL, sa_mask=[], sa_flags=0}, 8) = 0
21363 rt_sigaction(SIGALRM, NULL, {sa_handler=SIG_DFL, sa_mask=[], sa_flags=0}, 8) = 0
21363 rt_sigaction(SIGTERM, NULL, {sa_handler=SIG_DFL, sa_mask=[], sa_flags=0}, 8) = 0
21363 rt_sigaction(SIGSTKFLT, NULL, {sa_handler=SIG_DFL, sa_mask=[], sa_flags=0}, 8) = 0
21363 rt_sigaction(SIGCHLD, NULL, {sa_handler=SIG_DFL, sa_mask=[], sa_flags=0}, 8) = 0
21363 rt_sigaction(SIGCONT, NULL, {sa_handler=SIG_DFL, sa_mask=[], sa_flags=0}, 8) = 0
21363 rt_sigaction(SIGSTOP, NULL, {sa_handler=SIG_DFL, sa_mask=[], sa_flags=0}, 8) = 0
21363 rt_sigaction(SIGTSTP, NULL, {sa_handler=SIG_DFL, sa_mask=[], sa_flags=0}, 8) = 0
21363 rt_sigaction(SIGTTIN, NULL, {sa_handler=SIG_DFL, sa_mask=[], sa_flags=0}, 8) = 0
21363 rt_sigaction(SIGTTOU, NULL, {sa_handler=SIG_DFL, sa_mask=[], sa_flags=0}, 8) = 0
21363 rt_sigaction(SIGURG, NULL, {sa_handler=SIG_DFL, sa_mask=[], sa_flags=0}, 8) = 0
21363 rt_sigaction(SIGXCPU, NULL, {sa_handler=SIG_DFL, sa_mask=[], sa_flags=0}, 8) = 0
21363 rt_sigaction(SIGXFSZ, NULL, {sa_handler=SIG_DFL, sa_mask=[], sa_flags=0}, 8) = 0
21363 rt_sigaction(SIGVTALRM, NULL, {sa_handler=SIG_DFL, sa_mask=[], sa_flags=0}, 8) = 0
21363 rt_sigaction(SIGPROF, NULL, {sa_handler=SIG_DFL, sa_mask=[], sa_flags=0}, 8) = 0
21363 rt_sigaction(SIGWINCH, NULL, {sa_handler=SIG_DFL, sa_mask=[], sa_flags=0}, 8) = 0
21363 rt_sigaction(SIGIO, NULL, {sa_handler=SIG_DFL, sa_mask=[], sa_flags=0}, 8) = 0
21363 rt_sigaction(SIGPWR, NULL, {sa_handler=SIG_DFL, sa_mask=[], sa_flags=0}, 8) = 0
21363 rt_sigaction(SIGSYS, NULL, {sa_handler=SIG_DFL, sa_mask=[], sa_flags=0}, 8) = 0
21363 rt_sigaction(SIGRT_2, NULL, {sa_handler=SIG_DFL, sa_mask=[], sa_flags=0}, 8) = 0
21363 rt_sigaction(SIGRT_3, NULL, {sa_handler=SIG_DFL, sa_mask=[], sa_flags=0}, 8) = 0
21363 rt_sigaction(SIGRT_4, NULL, {sa_handler=SIG_DFL, sa_mask=[], sa_flags=0}, 8) = 0
21363 rt_sigaction(SIGRT_5, NULL, {sa_handler=SIG_DFL, sa_mask=[], sa_flags=0}, 8) = 0
21363 rt_sigaction(SIGRT_6, NULL, {sa_handler=SIG_DFL, sa_mask=[], sa_flags=0}, 8) = 0
21363 rt_sigaction(SIGRT_7, NULL, {sa_handler=SIG_DFL, sa_mask=[], sa_flags=0}, 8) = 0
21363 rt_sigaction(SIGRT_8, NULL, {sa_handler=SIG_DFL, sa_mask=[], sa_flags=0}, 8) = 0
21363 rt_sigaction(SIGRT_9, NULL, {sa_handler=SIG_DFL, sa_mask=[], sa_flags=0}, 8) = 0
21363 rt_sigaction(SIGRT_10, NULL, {sa_handler=SIG_DFL, sa_mask=[], sa_flags=0}, 8) = 0
21363 rt_sigaction(SIGRT_11, NULL, {sa_handler=SIG_DFL, sa_mask=[], sa_flags=0}, 8) = 0
21363 rt_sigaction(SIGRT_12, NULL, {sa_handler=SIG_DFL, sa_mask=[], sa_flags=0}, 8) = 0
21363 rt_sigaction(SIGRT_13, NULL, {sa_handler=SIG_DFL, sa_mask=[], sa_flags=0}, 8) = 0
21363 rt_sigaction(SIGRT_14, NULL, {sa_handler=SIG_DFL, sa_mask=[], sa_flags=0}, 8) = 0
21363 rt_sigaction(SIGRT_15, NULL, {sa_handler=SIG_DFL, sa_mask=[], sa_flags=0}, 8) = 0
21363 rt_sigaction(SIGRT_16, NULL, {sa_handler=SIG_DFL, sa_mask=[], sa_flags=0}, 8) = 0
21363 rt_sigaction(SIGRT_17, NULL, {sa_handler=SIG_DFL, sa_mask=[], sa_flags=0}, 8) = 0
21363 rt_sigaction(SIGRT_18, NULL, {sa_handler=SIG_DFL, sa_mask=[], sa_flags=0}, 8) = 0
21363 rt_sigaction(SIGRT_19, NULL, {sa_handler=SIG_DFL, sa_mask=[], sa_flags=0}, 8) = 0
21363 rt_sigaction(SIGRT_20, NULL, {sa_handler=SIG_DFL, sa_mask=[], sa_flags=0}, 8) = 0
21363 rt_sigaction(SIGRT_21, NULL, {sa_handler=SIG_DFL, sa_mask=[], sa_flags=0}, 8) = 0
21363 rt_sigaction(SIGRT_22, NULL, {sa_handler=SIG_DFL, sa_mask=[], sa_flags=0}, 8) = 0
21363 rt_sigaction(SIGRT_23, NULL, {sa_handler=SIG_DFL, sa_mask=[], sa_flags=0}, 8) = 0
21363 rt_sigaction(SIGRT_24, NULL, {sa_handler=SIG_DFL, sa_mask=[], sa_flags=0}, 8) = 0
21363 rt_sigaction(SIGRT_25, NULL, {sa_handler=SIG_DFL, sa_mask=[], sa_flags=0}, 8) = 0
21363 rt_sigaction(SIGRT_26, NULL, {sa_handler=SIG_DFL, sa_mask=[], sa_flags=0}, 8) = 0
21363 rt_sigaction(SIGRT_27, NULL, {sa_handler=SIG_DFL, sa_mask=[], sa_flags=0}, 8) = 0
21363 rt_sigaction(SIGRT_28, NULL, {sa_handler=SIG_DFL, sa_mask=[], sa_flags=0}, 8) = 0
21363 rt_sigaction(SIGRT_29, NULL, {sa_handler=SIG_DFL, sa_mask=[], sa_flags=0}, 8) = 0
21363 rt_sigaction(SIGRT_30, NULL, {sa_handler=SIG_DFL, sa_mask=[], sa_flags=0}, 8) = 0
21363 rt_sigaction(SIGRT_31, NULL, {sa_handler=SIG_DFL, sa_mask=[], sa_flags=0}, 8) = 0
21363 rt_sigaction(SIGRT_32, NULL, {sa_handler=SIG_DFL, sa_mask=[], sa_flags=0}, 8) = 0
21363 rt_sigaction(SIGABRT, NULL, {sa_handler=SIG_DFL, sa_mask=[], sa_flags=0}, 8) = 0
21363 rt_sigaction(SIGCHLD, NULL, {sa_handler=SIG_DFL, sa_mask=[], sa_flags=0}, 8) = 0
21363 rt_sigaction(SIGIO, NULL, {sa_handler=SIG_DFL, sa_mask=[], sa_flags=0}, 8) = 0
21363 close(1)                          = 0
21363 getpid()                          = 21363
21363 getpid()                          = 21363
21363 getpid()                          = 21363
21363 newfstatat(AT_FDCWD, "/tmp/am4tksyQLq", {st_mode=S_IFDIR|0700, st_size=4096, ...}, 0) = 0
21363 getcwd("/home/m/Documents/core", 4096) = 23
21363 newfstatat(AT_FDCWD, "/tmp", {st_mode=S_IFDIR|S_ISVTX|0777, st_size=12288, ...}, AT_SYMLINK_NOFOLLOW) = 0
21363 newfstatat(AT_FDCWD, "/tmp/am4tksyQLq", {st_mode=S_IFDIR|0700, st_size=4096, ...}, AT_SYMLINK_NOFOLLOW) = 0
21363 getcwd("/home/m/Documents/core", 4095) = 23
21363 newfstatat(AT_FDCWD, "/home/m/Documents/core", {st_mode=S_IFDIR|0775, st_size=4096, ...}, AT_SYMLINK_NOFOLLOW) = 0
21363 newfstatat(AT_FDCWD, "/tmp/am4tksyQLq", {st_mode=S_IFDIR|0700, st_size=4096, ...}, AT_SYMLINK_NOFOLLOW) = 0
21363 chdir("/tmp/am4tksyQLq")          = 0
21363 newfstatat(AT_FDCWD, ".", {st_mode=S_IFDIR|0700, st_size=4096, ...}, 0) = 0
21363 openat(AT_FDCWD, ".", O_RDONLY|O_NONBLOCK|O_CLOEXEC|O_DIRECTORY) = 1
21363 fstat(1, {st_mode=S_IFDIR|0700, st_size=4096, ...}) = 0
21363 getdents64(1, 0x55c71ba1d080 /* 2 entries */, 32768) = 48
21363 getdents64(1, 0x55c71ba1d080 /* 0 entries */, 32768) = 0
21363 close(1)                          = 0
21363 chdir("/home/m/Documents/core")   = 0
21363 newfstatat(AT_FDCWD, ".", {st_mode=S_IFDIR|0775, st_size=4096, ...}, 0) = 0
21363 rmdir("/tmp/am4tksyQLq")          = 0
21363 getpid()                          = 21363
21363 getpid()                          = 21363
21363 getpid()                          = 21363
21363 exit_group(0)                     = ?
21363 +++ exited with 0 +++
